National Code,National Title,Specialisations,NRT Type,Usage Recommendation,Usage Recommendation Start Date,NRT Status,Currency Period Start Date,Currency Period End Date,Superseded by,Is Equivalent,Supersedes,Is Equivalent,Latest Release Number,Latest Release Date,Parent Training Package Code,Parent Training Package Title,Is Confidential,Training Package Developer,Copyright Holder,Copyright Holder Job Title,Copyright Holder Group Name,Copyright Holder Organisation,Copyright Holder Email,Recognition Manager,ANZSCO Code,ANZSCO Name,ASCO Code,ASCO Name,ASCED6 Code,ASCED6 Name,ASCED4 Code,ASCED4 Name,Taxonomy (Industry),Taxonomy (Occupation),Qualification Level Code,Qualification Level Name,Licencing,Has Work Placement Hours,Work Placement Hours,Pre-requisite
ACM,Animal Care and Management Training Package,,Training package,Current,29/11/2017,Current,,,,,ACM10,False,6.0,16/07/2022,,,False,Skills Insight,,,,,,,,,,,,,,,,,,,,False,,False
AHC,"Agriculture, Horticulture and Conservation and Land Management Training Package",,Training package,Current,27/06/2016,Current,,,,,AHC10;AGF07,False;False,11.0,11/02/2025,,,False,Skills Insight,,,,,,,,,,,,,,,,,,,,False,,False
AMP,Australian Meat Processing Training Package,,Training package,Current,01/12/2015,Current,,,,,MTM11,False,8.1,21/02/2025,,,False,Skills Insight,,,,,,,,,,,,,,,,,,,,False,,False
AUM,Automotive Manufacturing,,Training package,Current,10/01/2014,Current,,,,,AUM12,False,2.2,07/07/2022,,,False,Mining and Automotive Skills Alliance,,,,,,,,,,,,,,,,,,,,False,,False
AUR,"Automotive Retail, Service and Repair Training Package",,Training package,Current,10/01/2014,Current,,,,,AUR12,False,7.2,19/12/2023,,,False,Mining and Automotive Skills Alliance,,,,,,,,,,,,,,,,,,,,False,,False
AVI,Aviation Training Package,,Training package,Current,04/09/2015,Current,,,,,AVI08,False,10.0,20/10/2022,,,False,Industry Skills Australia,,,,,,,,,,,,,,,,,,,,False,,False
BSB,Business Services Training Package,,Training package,Current,25/03/2015,Current,,,,,BSB07,False,8.0,25/01/2022,,,False,Future Skills Organisation,,,,,,,,,,,,,,,,,,,,False,,False
CHC,Community Services,,Training package,Current,01/07/2013,Current,,,,,CHC08,False,9.3,01/07/2023,,,False,HumanAbility,,,,,,,,,,,,,,,,,,,,False,,False
CPC,"Construction, Plumbing and Services Training Package",,Training package,Current,05/06/2015,Current,,,,,,,9.1,24/12/2024,,,False,BuildSkills Australia,,,,,,,,,,,,,,,,,,,,False,,False
CPC08,"Construction, Plumbing and Services Training Package",,Training package,Current,01/02/2009,Current,01/02/2009,,,,BCP03;BCF00;BCG03,False;False;False,9.9,11/11/2021,,,False,BuildSkills Australia,,,,,,,,,,,,,,,,,,,,False,,False
CPP,Property Services Training Package,,Training package,Current,05/03/2015,Current,,,,,CPP07,True,17.0,19/12/2022,,,False,BuildSkills Australia,,,,,,,,,,,,,,,,,,,,False,,False
CSC,Correctional Services Training Package,,Training package,Current,03/08/2015,Current,,,,,CSC12,True,5.0,05/12/2022,,,False,Public Skills Australia,,,,,,,,,,,,,,,,,,,,False,,False
CUA,Creative Arts and Culture Training Package,,Training package,Current,21/11/2013,Current,,,,,CUA11;CUE03;CUV;CUV11,False;False;False;False,6.0,19/10/2022,,,False,Service and Creative Skills Australia,,,,,,,,,,,,,,,,,,,,False,,False
DEF,Defence Training Package,,Training package,Current,22/10/2015,Current,,,,,DEF12,False,6.0,14/04/2025,,,False,Public Skills Australia,,,,,,,,,,,,,,,,,,,,False,,False
FBP,"Food, Beverage and Pharmaceutical",,Training package,Current,23/01/2018,Current,,,,,FDF10,False,8.0,25/01/2023,,,False,Manufacturing Industry Skills Alliance,,,,,,,,,,,,,,,,,,,,False,,False
FNS,Financial Services Training Package,,Training package,Current,25/03/2015,Current,,,,,FNS10,False,8.2,03/11/2022,,,False,Future Skills Organisation,,,,,,,,,,,,,,,,,,,,False,,False
FSK,Foundation Skills Training Package,,Training package,Current,14/03/2013,Current,,,,,,,2.0,14/11/2019,,,False,Department of Employment and Workplace Relations (Interim),,,,,,,,,,,,,,,,,,,,False,,False
FWP,Forest and Wood Products Training Package,,Training package,Current,02/02/2016,Current,,,,,FPI11,True,9.1,27/09/2024,,,False,Skills Insight,,,,,,,,,,,,,,,,,,,,False,,False
HLT,Health,,Training package,Current,01/07/2013,Current,,,,,HLT07,False,9.2,01/07/2023,,,False,HumanAbility,,,,,,,,,,,,,,,,,,,,False,,False
ICP,Printing and Graphic Arts,,Training package,Current,26/03/2015,Current,,,,,ICP10,False,4.1,20/07/2021,,,False,Manufacturing Industry Skills Alliance,,,,,,,,,,,,,,,,,,,,False,,False
ICT,Information and Communications Technology,,Training package,Current,25/03/2015,Current,,,,,ICA11;ICT10,False;False,9.0,17/12/2024,,,False,Future Skills Organisation,,,,,,,,,,,,,,,,,,,,False,,False
LGA,Local Government,,Training package,Current,10/02/2021,Current,,,,,LGA04,False,1.0,10/02/2021,,,False,Public Skills Australia,,,,,,,,,,,,,,,,,,,,False,,False
MAR,Maritime Training Package,,Training package,Current,07/10/2013,Current,,,,,MAR13,False,11.0,22/11/2024,,,False,Industry Skills Australia,,,,,,,,,,,,,,,,,,,,False,,False
MEA,Aeroskills Training Package,,Training package,Current,12/02/2015,Current,,,,,MEA11,False,5.0,22/11/2022,,,False,Manufacturing Industry Skills Alliance,,,,,,,,,,,,,,,,,,,,False,,False
MEM,Manufacturing and Engineering,,Training package,Current,30/04/2015,Current,,,,,,,4.0,03/02/2023,,,False,Manufacturing Industry Skills Alliance,,,,,,,,,,,,,,,,,,,,False,,False
MEM05,Metal and Engineering Training Package,,Training package,Current,01/12/2005,Current,01/12/2005,,,,MEM98,False,11.1,05/06/2014,,,False,Manufacturing Industry Skills Alliance,,,,,,,,,,,,,,,,,,,,False,,False
MSA07,Manufacturing Training Package,,Training package,Current,07/04/2011,Current,01/04/2007,,,,MSA05;MCM04;THC04,False;False;False,8.4,27/08/2014,,,False,Manufacturing Industry Skills Alliance,,,,,,,,,,,,,,,,,,,,False,,False
MSF,Furnishing Training Package,,Training package,Current,10/12/2013,Current,,,,,LMF02,False,8.0,21/12/2022,,,False,Skills Insight,,,,,,,,,,,,,,,,,,,,False,,False
MSL,Laboratory Operations,,Training package,Current,01/03/2016,Current,,,,,MSL09,False,4.0,20/12/2022,,,False,Manufacturing Industry Skills Alliance,,,,,,,,,,,,,,,,,,,,False,,False
MSM,Manufacturing Training Package,,Training package,Current,15/12/2015,Current,,,,,,,8.0,03/02/2023,,,False,Manufacturing Industry Skills Alliance,,,,,,,,,,,,,,,,,,,,False,,False
MSS,Sustainability,,Training package,Current,22/06/2016,Current,,,,,MSS11,True,5.0,16/12/2022,,,False,Manufacturing Industry Skills Alliance,,,,,,,,,,,,,,,,,,,,False,,False
MST,"Textiles, Clothing and Footwear",,Training package,Current,04/07/2016,Current,,,,,LMT07,False,5.0,22/12/2022,,,False,Skills Insight,,,,,,,,,,,,,,,,,,,,False,,False
NWP,National Water Training Package,,Training package,Current,07/12/2015,Current,,,,,NWP07,False,5.0,07/12/2022,,,False,BuildSkills Australia,,,,,,,,,,,,,,,,,,,,False,,False
PMA,"Chemical, Hydrocarbons and Refining",,Training package,Current,02/06/2016,Current,,,,,PMA08,True,2.3,21/09/2022,,,False,Manufacturing Industry Skills Alliance,,,,,,,,,,,,,,,,,,,,False,,False
PMB,"Plastics, Rubber and Cablemaking",,Training package,Current,22/06/2016,Current,,,,,PMB07,True,2.1,25/03/2022,,,False,Manufacturing Industry Skills Alliance,,,,,,,,,,,,,,,,,,,,False,,False
POL,Police Training Package,,Training package,Current,19/10/2015,Current,,,,,,,9.0,02/04/2025,,,False,Public Skills Australia,,,,,,,,,,,,,,,,,,,,False,,False
PPM,Pulp & Paper Manufacturing Industry Training Package,,Training package,Current,06/05/2016,Current,,,,,FPP10,True,3.1,22/02/2023,,,False,Skills Insight,,,,,,,,,,,,,,,,,,,,False,,False
PSP,Public Sector Training Package,,Training package,Current,07/03/2016,Current,,,,,PSP12,False,4.0,21/11/2022,,,False,Public Skills Australia,,,,,,,,,,,,,,,,,,,,False,,False
PUA,Public Safety,,Training package,Current,16/07/2019,Current,,,,,PUA12,False,5.0,16/12/2022,,,False,Public Skills Australia,,,,,,,,,,,,,,,,,,,,False,,False
RGR,Racing and Breeding Training Package,,Training package,Current,18/12/2017,Current,,,,,RGR08,False,4.1,25/02/2022,,,False,Skills Insight,,,,,,,,,,,,,,,,,,,,False,,False
RII,Resources and Infrastructure Industry Training Package,,Training package,Current,14/11/2013,Current,,,,,RII09,False,9.0,19/10/2022,,,False,Mining and Automotive Skills Alliance,,,,,,,,,,,,,,,,,,,,False,,False
SFI,Seafood Industry,,Training package,Current,21/06/2019,Current,,,,,SFI11,False,2.1,25/02/2022,,,False,Skills Insight,,,,,,,,,,,,,,,,,,,,False,,False
SFL,Floristry Training Package,,Training package,Current,25/09/2015,Current,,,,,SFL10,False,1.1,04/04/2022,,,False,Service and Creative Skills Australia,,,,,,,,,,,,,,,,,,,,False,,False
SHB,Hairdressing and Beauty Services Training Package,,Training package,Current,25/09/2015,Current,,,,,SIH11;SIB10,False;False,4.1,05/07/2022,,,False,Service and Creative Skills Australia,,,,,,,,,,,,,,,,,,,,False,,False
SIF,Funeral Services,,Training package,Current,21/06/2013,Current,,,,,SIF08,False,2.3,04/04/2022,,,False,Service and Creative Skills Australia,,,,,,,,,,,,,,,,,,,,False,,False
SIR,Retail Services Training Package,,Training package,Current,31/03/2016,Current,,,,,SIR07,False,7.0,10/11/2021,,,False,Service and Creative Skills Australia,,,,,,,,,,,,,,,,,,,,False,,False
SIS,"Sport, Fitness and Recreation Training Package",,Training package,Current,03/09/2015,Current,,,,,SIS10,False,6.1,24/03/2025,,,False,HumanAbility,,,,,,,,,,,,,,,,,,,,False,,False
SIT,"Tourism, Travel and Hospitality Training Package",,Training package,Current,03/03/2016,Current,,,,,SIT12,True,2.2,02/03/2023,,,False,Service and Creative Skills Australia,,,,,,,,,,,,,,,,,,,,False,,False
TAE,Training and Education Training Package,,Training package,Current,27/08/2013,Current,,,,,TAE10,False,5.0,08/12/2022,,,False,Department of Employment and Workplace Relations (Interim),,,,,,,,,,,,,,,,,,,,False,,False
TLI,Transport and Logistics Training Package,,Training package,Current,19/10/2015,Current,,,,,TLI10,False,15.0,10/07/2024,,,False,Industry Skills Australia,,,,,,,,,,,,,,,,,,,,False,,False
UEE,Electrotechnology Training Package,,Training package,Current,18/04/2017,Current,,,,,UEE11,False,7.0,24/03/2025,,,False,Powering Skills Organisation,,,,,,,,,,,,,,,,,,,,False,,False
UEG,Gas Industry Training Package,,Training package,Current,05/09/2018,Current,,,,,UEG11,True,4.0,09/12/2022,,,False,Powering Skills Organisation,,,,,,,,,,,,,,,,,,,,False,,False
UEP,Electricity Supply Industry - Generation Sector Training Package,,Training package,Current,31/10/2018,Current,,,,,UEP12,True,3.0,13/12/2022,,,False,Powering Skills Organisation,,,,,,,,,,,,,,,,,,,,False,,False
UET,"Transmission, Distribution and Rail Sector",,Training package,Current,25/09/2019,Current,,,,,UET12,True,5.0,06/12/2022,,,False,Powering Skills Organisation,,,,,,,,,,,,,,,,,,,,False,,False
AUM08,Automotive Manufacturing,,Training package,Superseded,29/06/2012,Superseded,01/09/2008,28/06/2012,AUM12,True,AUM00,False,1.1,01/09/2008,,,False,Mining and Automotive Skills Alliance,,,,,,,,,,,,,,,,,,,,False,,False
CPP07,Property Services Training Package,,Training package,Superseded,13/06/2022,Superseded,28/08/2007,,CPP,True,PRS03;PRM04;PRD01,False;False;False,15.0,21/10/2021,,,False,BuildSkills Australia,,,,,,,,,,,,,,,,,,,,False,,False
CSC07,Correctional Services Training Package,,Training package,Superseded,30/04/2012,Superseded,01/05/2007,29/04/2012,CSC12,True,CSC01,False,1.2,22/12/2010,,,False,Public Skills Australia,,,,,,,,,,,,,,,,,,,,False,,False
CSC12,Correctional Services Training Package,,Training package,Superseded,03/08/2015,Superseded,02/11/2012,,CSC,True,CSC07,True,1.1,02/11/2012,,,False,Public Skills Australia,,,,,,,,,,,,,,,,,,,,False,,False
FPI05,Forest and Forest Products Training Package,,Training package,Superseded,07/02/2012,Superseded,12/12/2005,06/02/2012,FPI11,True,FPI99,False,3.0,20/05/2011,,,False,Skills Insight,,,,,,,,,,,,,,,,,,,,False,,False
FPI11,Forest and Forest Products Training Package,,Training package,Superseded,13/05/2016,Superseded,27/11/2012,,FWP,True,FPI05,True,2.3,01/05/2015,,,False,Skills Insight,,,,,,,,,,,,,,,,,,,,False,,False
FPP10,Pulp & Paper Manufacturing Industry Training Package,,Training package,Superseded,06/05/2016,Superseded,14/07/2011,,PPM,True,FPP01,False,1.3,01/05/2015,,,False,Skills Insight,,,,,,,,,,,,,,,,,,,,False,,False
ICA05,Information and Communications Technology Training Package,,Training package,Superseded,18/07/2011,Superseded,01/11/2005,17/07/2011,ICA11,True,ICA99,False,3.1,08/07/2010,,,False,Future Skills Organisation,,,,,,,,,,,,,,,,,,,,False,,False
MSS11,Sustainability Training Package,,Training package,Superseded,22/06/2016,Superseded,06/02/2013,,MSS,True,,,3.0,13/12/2013,,,False,Manufacturing Industry Skills Alliance,,,,,,,,,,,,,,,,,,,,False,,False
PMA08,"Chemical, Hydrocarbons and Refining Training Package",,Training package,Superseded,02/06/2016,Superseded,27/08/2008,,PMA,True,PMA02,False,5.0,13/12/2013,,,False,Manufacturing Industry Skills Alliance,,,,,,,,,,,,,,,,,,,,False,,False
PMB07,"Plastics, Rubber and Cablemaking Training Package",,Training package,Superseded,22/06/2016,Superseded,16/11/2007,,PMB,True,PMB01,False,2.0,06/07/2013,,,False,Manufacturing Industry Skills Alliance,,,,,,,,,,,,,,,,,,,,False,,False
PMC10,Manufactured Mineral Products,,Training package,Superseded,22/06/2016,Superseded,30/04/2010,,PMC,True,PMC04,False,1.1,29/04/2014,,,False,Manufacturing Industry Skills Alliance,,,,,,,,,,,,,,,,,,,,False,,False
SIT12,"Tourism, Travel and  Hospitality Training Package",,Training package,Superseded,03/03/2016,Superseded,18/01/2013,,SIT,True,SIT07,False,2.0,11/10/2013,,,False,Service and Creative Skills Australia,,,,,,,,,,,,,,,,,,,,False,,False
UEE07,Electrotechnology Training Package,,Training package,Superseded,16/03/2012,Superseded,08/03/2008,15/03/2012,UEE11,True,UEE06,False,4.0,29/07/2011,,,False,Powering Skills Organisation,,,,,,,,,,,,,,,,,,,,False,,False
UEG11,Gas Industry Training Package,,Training package,Superseded,05/09/2018,Superseded,19/01/2012,,UEG,True,UEG06,False,2.0,13/03/2014,,,False,Powering Skills Organisation,,,,,,,,,,,,,,,,,,,,False,,False
UEP06,Electricity Supply Industry - Generation Sector Training Package,,Training package,Superseded,25/07/2012,Superseded,07/11/2006,24/07/2012,UEP12,True,UTP98,False,1.1,07/11/2006,,,False,Powering Skills Organisation,,,,,,,,,,,,,,,,,,,,False,,False
UEP12,Electricity Supply Industry - Generation Sector Training Package,,Training package,Superseded,31/10/2018,Superseded,25/07/2012,,UEP,True,UEP06,True,2.1,07/09/2013,,,False,Powering Skills Organisation,,,,,,,,,,,,,,,,,,,,False,,False
UET12,"Transmission, Distribution and Rail Sector Training Package",,Training package,Superseded,25/09/2019,Superseded,01/05/2012,,UET,True,UET09,False,2.1,05/11/2014,,,False,Powering Skills Organisation,,,,,,,,,,,,,,,,,,,,False,,False
WRH06,Hairdressing Training Package,,Training package,Superseded,20/07/2011,Superseded,27/01/2006,19/07/2011,SIH11,True,WRH00,False,2.2,18/04/2011,,,False,Service and Creative Skills Australia,,,,,,,,,,,,,,,,,,,,False,,False
ACM10,Animal Care and Management,,Training package,Superseded,10/09/2019,Superseded,07/12/2012,,ACM,False,RUV04,False,3.0,07/12/2012,,,False,Skills Insight,,,,,,,,,,,,,,,,,,,,False,,False
AGF07,Agri-Food Training Package,,Training package,Superseded,26/06/2016,Superseded,04/04/2007,,AHC,False,AGR05,False,1.0,04/04/2007,,,False,Skills Insight,,,,,,,,,,,,,,,,,,,,False,,False
AGR05,Conditionally Endorsed Agri-Food Qualifications Training Package (Superseded by AGF07),,Training package,Superseded,29/05/2007,Superseded,17/04/2005,28/05/2007,AGF07,False,,,1.0,17/04/2005,,,False,Skills Insight,,,,,,,,,,,,,,,,,,,,False,,False
AHC10,"Agriculture, Horticulture and Conservation and Land Management",,Training package,Superseded,27/06/2016,Superseded,10/06/2011,,AHC,False,RTE03;RTF03;RTD02,False;False;False,8.0,18/12/2013,,,False,Skills Insight,,,,,,,,,,,,,,,,,,,,False,,False
AUM00,Automotive Industry Manufacturing Training Package (Superseded by AUM08),,Training package,Superseded,06/10/2008,Superseded,06/08/2000,05/10/2008,AUM08,False,,,1.0,06/08/2000,,,False,Mining and Automotive Skills Alliance,,,,,,,,,,,,,,,,,,,,False,,False
AUM12,Automotive Manufacturing,,Training package,Superseded,10/01/2014,Superseded,29/06/2012,,AUM,False,AUM08,True,1.0,29/06/2012,,,False,Mining and Automotive Skills Alliance,,,,,,,,,,,,,,,,,,,,False,,False
AUR05,"Automotive Industry Retail, Service and Repair Training Package",,Training package,Superseded,17/01/2013,Superseded,17/04/2005,16/01/2013,AUR12,False,AUR99,False,4.0,20/12/2011,,,False,Mining and Automotive Skills Alliance,,,,,,,,,,,,,,,,,,,,False,,False
AUR12,"Automotive Industry Retail, Service and Repair Training Package",,Training package,Superseded,14/04/2016,Superseded,17/01/2013,,AUR,False,AUR05,False,2.1,27/01/2015,,,False,Mining and Automotive Skills Alliance,,,,,,,,,,,,,,,,,,,,False,,False
AUR99,"Automotive Industry Retail, Service and Repair (Superseded by AUR05)",,Training package,Superseded,17/04/2005,Superseded,13/09/1999,16/04/2005,AUR05,False,,,1.0,13/09/1999,,,False,Mining and Automotive Skills Alliance,,,,,,,,,,,,,,,,,,,,False,,False
AVI08,Aviation Training Package,,Training package,Superseded,01/03/2016,Superseded,01/04/2008,,AVI,False,TDA03;ZQF00,False;False,5.0,23/12/2013,,,False,Industry Skills Australia,,,,,,,,,,,,,,,,,,,,False,,False
BCC03,Civil Construction Industry Training Package (Superseded by RII09),,Training package,Superseded,07/07/2009,Superseded,23/01/2004,06/07/2009,RII09,False,BCC98,False,3,07/09/2007,,,False,Mining and Automotive Skills Alliance,,,,,,,,,,,,,,,,,,,,False,,False
BCC98,Civil Construction (Superseded by BCC03),,Training package,Superseded,23/01/2004,Superseded,08/10/1998,22/01/2004,BCC03,False,,,1.0,08/10/1998,,,False,Mining and Automotive Skills Alliance,,,,,,,,,,,,,,,,,,,,False,,False
BCF00,Off-Site Construction Training Package (Superseded by CPC08),,Training package,Superseded,01/02/2009,Superseded,10/07/2000,31/01/2009,CPC08,False,,,1.0,10/07/2000,,,False,BuildSkills Australia,,,,,,,,,,,,,,,,,,,,False,,False
BCG03,General Construction Training Package (Superseded by CPC08),,Training package,Superseded,01/02/2009,Superseded,09/01/2004,31/01/2009,CPC08,False,BCG98,False,1.0,11/01/2003,,,False,BuildSkills Australia,,,,,,,,,,,,,,,,,,,,False,,False
BCG98,General Construction (Superseded by BCG03),,Training package,Superseded,09/01/2004,Superseded,01/12/1998,08/01/2004,BCG03,False,,,1.0,08/10/1998,,,False,BuildSkills Australia,,,,,,,,,,,,,,,,,,,,False,,False
BCP03,Plumbing and Services Training Package (Superseded by CPC08),,Training package,Superseded,01/02/2009,Superseded,20/11/2003,31/01/2009,CPC08,False,,,1.0,02/02/2009,,,False,BuildSkills Australia,,,,,,,,,,,,,,,,,,,,False,,False
BSA97,Administration (Superseded by BSB01),,Training package,Superseded,03/09/2001,Superseded,23/09/1997,02/09/2001,BSB01,False,,,1.0,23/09/1997,,,False,Future Skills Organisation,,,,,,,,,,,,,,,,,,,,False,,False
BSB01,Business Services Training Package (Superseded by BSB07),,Training package,Superseded,01/12/2007,Superseded,03/09/2001,30/11/2007,BSB07,False,BSA97,False,1.0,17/08/2001,,,False,Future Skills Organisation,,,,,,,,,,,,,,,,,,,,False,,False
BSB07,Business Services Training Package,,Training package,Superseded,25/03/2015,Superseded,01/12/2007,,BSB,False,BSB01,False,9.0,28/08/2013,,,False,Future Skills Organisation,,,,,,,,,,,,,,,,,,,,False,,False
BSZ98,Assessment and Workplace Training (Superseded by TAA04),,Training package,Superseded,01/11/2004,Superseded,22/10/1998,31/10/2004,TAA04,False,,,1.0,22/10/1998,,,False,Department of Employment and Workplace Relations (Interim),,,,,,,,,,,,,,,,,,,,False,,False
CHC02,Community Services Training Package (Superseded by CHC08),,Training package,Superseded,01/12/2008,Superseded,01/12/2002,30/11/2008,CHC08,False,CHC99,False,1.0,09/09/2007,,,False,HumanAbility,,,,,,,,,,,,,,,,,,,,False,,False
CHC08,Community Services Training Package,,Training package,Superseded,08/12/2015,Superseded,01/12/2008,,CHC,False,CHC02,False,4.2,04/10/2013,,,False,HumanAbility,,,,,,,,,,,,,,,,,,,,False,,False
CHC99,Community Services (Superseded by CHC02),,Training package,Superseded,01/12/2002,Superseded,15/01/1999,30/11/2002,CHC02,False,,,1.0,15/01/1999,,,False,HumanAbility,,,,,,,,,,,,,,,,,,,,False,,False
CSC01,Correctional Services Training Package (Superseded by CSC07),,Training package,Superseded,01/05/2007,Superseded,29/11/2001,30/04/2007,CSC07,False,CSC98,False,1.0,29/11/2001,,,False,Public Skills Australia,,,,,,,,,,,,,,,,,,,,False,,False
CSC98,Correctional Services (Superseded by CSC01),,Training package,Superseded,29/11/2001,Superseded,09/04/1998,28/11/2001,CSC01,False,,,1.0,09/04/1998,,,False,Public Skills Australia,,,,,,,,,,,,,,,,,,,,False,,False
CUA11,Live Performance Training Package,,Training package,Superseded,15/01/2016,Superseded,06/10/2011,,CUA,False,,,1.0,06/10/2011,,,False,Service and Creative Skills Australia,,,,,,,,,,,,,,,,,,,,False,,False
CUE03,Entertainment Training Package,,Training package,Superseded,15/01/2016,Superseded,30/11/2003,,CUA,False,CUE98,False,3.2,19/03/2012,,,False,Service and Creative Skills Australia,,,,,,,,,,,,,,,,,,,,False,,False
CUE98,Entertainment Industry (Superseded by CUE03),,Training package,Superseded,30/11/2003,Superseded,10/09/1998,29/11/2003,CUE03,False,,,1.0,10/09/1998,,,False,Service and Creative Skills Australia,,,,,,,,,,,,,,,,,,,,False,,False
CUF01,"Film, TV, Radio and Multimedia Training Package (Superseded by CUF07)",,Training package,Superseded,01/01/2008,Superseded,01/05/2001,31/12/2007,CUF07,False,,,1.0,20/12/2005,,,False,Service and Creative Skills Australia,,,,,,,,,,,,,,,,,,,,False,,False
CUL04,Museum and Library - Information Services Training Package,,Training package,Superseded,20/12/2011,Superseded,05/04/2004,19/12/2011,CUL11,False,CUL99,False,2.1,05/04/2004,,,False,Future Skills Organisation,,,,,,,,,,,,,,,,,,,,False,,False
CUL99,Museum and Library/Information Services (Superseded by CUL04),,Training package,Superseded,05/04/2004,Superseded,08/06/1999,04/04/2004,CUL04,False,,,1.0,08/06/1999,,,False,Future Skills Organisation,,,,,,,,,,,,,,,,,,,,False,,False
CUS01,Music Training Package,,Training package,Superseded,21/07/2011,Superseded,10/10/2005,20/07/2011,CUS09,False,,,1.0,10/10/2005,,,False,Service and Creative Skills Australia,,,,,,,,,,,,,,,,,,,,False,,False
CUV,Arts and Culture Training Package,,Training package,Superseded,15/01/2016,Superseded,,,CUA,False,,,1.0,01/11/2013,,,False,Service and Creative Skills Australia,,,,,,,,,,,,,,,,,,,,False,,False
CUV03,"Visual Arts, Craft and Design Training Package",,Training package,Superseded,12/10/2011,Superseded,01/08/2003,11/10/2011,CUV11,False,,,3.0,18/04/2008,,,False,Service and Creative Skills Australia,,,,,,,,,,,,,,,,,,,,False,,False
CUV11,"Visual Arts, Crafts and Design Training Package",,Training package,Superseded,15/01/2016,Superseded,12/10/2011,,CUA,False,CUV03,False,1.0,12/10/2011,,,False,Service and Creative Skills Australia,,,,,,,,,,,,,,,,,,,,False,,False
DEF12,Defence Training Package,,Training package,Superseded,17/08/2017,Superseded,24/01/2013,,DEF,False,,,2.0,24/01/2013,,,False,Public Skills Australia,,,,,,,,,,,,,,,,,,,,False,,False
DRT03,Drilling Training Package (Superseded by RII09),,Training package,Superseded,07/07/2009,Superseded,09/12/2003,06/07/2009,RII09,False,DRT98,False,2,25/05/2007,,,False,Mining and Automotive Skills Alliance,,,,,,,,,,,,,,,,,,,,False,,False
DRT98,Drilling Industry (Superseded by DRT03),,Training package,Superseded,09/12/2003,Superseded,03/02/1999,08/12/2003,DRT03,False,,,1.0,12/11/1998,,,False,Mining and Automotive Skills Alliance,,,,,,,,,,,,,,,,,,,,False,,False
FDF03,Food Processing Industry Training Package (Superseded by FDF10),,Training package,Superseded,31/01/2011,Superseded,01/06/2003,30/01/2011,FDF10,False,FDF98,False,1.0,03/07/2003,,,False,Manufacturing Industry Skills Alliance,,,,,,,,,,,,,,,,,,,,False,,False
FDF10,Food Processing,,Training package,Superseded,18/12/2018,Superseded,31/01/2011,,FBP,False,FDF03;SUG02,False;False,4.1,04/01/2013,,,False,Skills Insight,,,,,,,,,,,,,,,,,,,,False,,False
FDF98,Food Processing Industry (Superseded by FDF03),,Training package,Superseded,01/06/2003,Superseded,15/07/1998,31/05/2003,FDF03,False,,,1.0,15/07/1998,,,False,Manufacturing Industry Skills Alliance,,,,,,,,,,,,,,,,,,,,False,,False
FNA98,Finance (Superseded by Financial Services TP - FNB99),,Training package,Superseded,30/06/1999,Superseded,09/02/1998,29/06/1999,FNB99,False,,,1.0,09/02/1998,,,False,Future Skills Organisation,,,,,,,,,,,,,,,,,,,,False,,False
FNB99,Financial Services (Superseded by FNS04),,Training package,Superseded,22/11/2004,Superseded,30/06/1999,21/11/2004,FNS04,False,FNA98,False,1.0,30/06/1999,,,False,Future Skills Organisation,,,,,,,,,,,,,,,,,,,,False,,False
FNS04,Financial Services Training Package (Superseded by FNS10),,Training package,Superseded,27/07/2011,Superseded,22/11/2004,26/07/2011,FNS10,False,FNB99,False,1.0,10/07/2004,,,False,Future Skills Organisation,,,,,,,,,,,,,,,,,,,,False,,False
FNS10,Financial Services Training Package,,Training package,Superseded,25/03/2015,Superseded,18/12/2012,,FNS,False,FNS04,False,5.1,11/12/2013,,,False,Future Skills Organisation,,,,,,,,,,,,,,,,,,,,False,,False
FPI99,Forest and Forest Products Industry (Superseded by FPI05),,Training package,Superseded,12/12/2005,Superseded,01/04/1999,11/12/2005,FPI05,False,,,1.0,30/04/1999,,,False,Skills Insight,,,,,,,,,,,,,,,,,,,,False,,False
FPP01,Pulp and Paper Manufacturing Industry Training Package (Superseded by FPP10),,Training package,Superseded,20/06/2011,Superseded,01/12/2001,19/06/2011,FPP10,False,FPP98,False,1.0,01/12/2001,,,False,Skills Insight,,,,,,,,,,,,,,,,,,,,False,,False
FPP98,Pulp and Paper Manufacturing Industries (Superseded by FPP01),,Training package,Superseded,01/12/2001,Superseded,27/01/1998,30/11/2001,FPP01,False,,,1.0,27/01/1998,,,False,Skills Insight,,,,,,,,,,,,,,,,,,,,False,,False
HLT02,Health Training Package (Superseded by HLT07),,Training package,Superseded,01/02/2007,Superseded,11/12/2001,31/01/2007,HLT07,False,,,1.0,11/12/2001,,,False,HumanAbility,,,,,,,,,,,,,,,,,,,,False,,False
HLT07,Health Training Package,,Training package,Superseded,08/12/2015,Superseded,01/02/2007,,HLT,False,HLT02,False,5.1,14/09/2013,,,False,HumanAbility,,,,,,,,,,,,,,,,,,,,False,,False
ICA11,Information and Communications Technology Training Package,,Training package,Superseded,14/01/2016,Superseded,18/07/2011,,ICT,False,ICA05,True,2.0,07/11/2013,,,False,Future Skills Organisation,,,,,,,,,,,,,,,,,,,,False,,False
ICA98,Information Technology - Client Support (Superseded by ICA99),,Training package,Superseded,01/05/1999,Superseded,30/04/1998,30/04/1999,ICA99,False,,,1.0,30/04/1998,,,False,Future Skills Organisation,,,,,,,,,,,,,,,,,,,,False,,False
ICA99,Information Technology (Superseded by ICA05),,Training package,Superseded,01/11/2005,Superseded,01/05/1999,31/10/2005,ICA05,False,ICA98,False,1.0,22/04/1999,,,False,Future Skills Organisation,,,,,,,,,,,,,,,,,,,,False,,False
ICP05,Printing and Graphic Arts Training Package,,Training package,Superseded,21/07/2011,Superseded,30/09/2005,20/07/2011,ICP10,False,ICP99,False,1.0,22/07/2005,,,False,Manufacturing Industry Skills Alliance,,,,,,,,,,,,,,,,,,,,False,,False
ICP10,Printing and Graphic Arts,,Training package,Superseded,26/03/2015,Superseded,08/07/2012,,ICP,False,ICP05,False,2.1,13/04/2013,,,False,Manufacturing Industry Skills Alliance,,,,,,,,,,,,,,,,,,,,False,,False
ICP99,Printing and Graphic Arts (Superseded by ICP05),,Training package,Superseded,30/09/2005,Superseded,18/01/1999,29/09/2005,ICP05,False,,,1.0,18/01/1999,,,False,Manufacturing Industry Skills Alliance,,,,,,,,,,,,,,,,,,,,False,,False
ICT02,Telecommunications Training Package,,Training package,Superseded,21/07/2011,Superseded,27/12/2002,20/07/2011,ICT10,False,ICT97,False,1.0,08/01/2009,,,False,Future Skills Organisation,,,,,,,,,,,,,,,,,,,,False,,False
ICT10,Integrated Telecommunications Training Package,,Training package,Superseded,06/03/2015,Superseded,15/06/2010,,ICT,False,ICT02,False,3.0,07/02/2014,,,False,Future Skills Organisation,,,,,,,,,,,,,,,,,,,,False,,False
ICT97,Telecommunications (Superseded by ICT02),,Training package,Superseded,27/12/2002,Superseded,23/09/1997,26/12/2002,ICT02,False,,,1.0,23/09/1997,,,False,Future Skills Organisation,,,,,,,,,,,,,,,,,,,,False,,False
LGA00,Local Government (Superseded by LGA04),,Training package,Superseded,17/08/2004,Superseded,06/03/2000,16/08/2004,LGA04,False,,,1.0,06/03/2000,,,False,Public Skills Australia,,,,,,,,,,,,,,,,,,,,False,,False
LGA04,Local Government Training Package,,Training package,Superseded,10/02/2021,Superseded,17/08/2004,,LGA,False,LGA00,False,3.0,11/09/2012,,,False,Public Skills Australia,,,,,,,,,,,,,,,,,,,,False,,False
LMF02,Furnishing Training Package,,Training package,Superseded,10/12/2013,Superseded,10/02/2003,,MSF,False,,,8.1,31/01/2013,,,False,Skills Insight,,,,,,,,,,,,,,,,,,,,False,,False
LMT00,"Textiles, Clothing And Footwear Training Package (Superseded by LMT07)",,Training package,Superseded,31/03/2008,Superseded,10/02/2000,30/03/2008,LMT07,False,,,1.0,10/02/2000,,,False,Skills Insight,,,,,,,,,,,,,,,,,,,,False,,False
LMT07,"Textiles, Clothing and Footwear Training Package",,Training package,Superseded,22/12/2022,Superseded,31/03/2008,,MST,False,LMT00,False,4.1,27/06/2012,,,False,Skills Insight,,,,,,,,,,,,,,,,,,,,False,,False
MAR13,Maritime Training Package,,Training package,Superseded,24/02/2016,Superseded,,,MAR,False,TDM07,False,1.0,06/06/2013,,,False,Industry Skills Australia,,,,,,,,,,,,,,,,,,,,False,,False
MCM04,Competitive Manufacturing Training Package (Superseded by MSA07),,Training package,Superseded,21/07/2011,Superseded,03/04/2006,20/07/2011,MSA07,False,,,1.0,03/04/2006,,,False,Manufacturing Industry Skills Alliance,,,,,,,,,,,,,,,,,,,,False,,False
MEA07,Aeroskills Training Package,,Training package,Superseded,23/01/2012,Superseded,31/03/2008,22/01/2012,MEA11,False,MEA97,False,3.0,15/11/2010,,,False,Manufacturing Industry Skills Alliance,,,,,,,,,,,,,,,,,,,,False,,False
MEA11,Aeroskills Training Package,,Training package,Superseded,12/02/2015,Superseded,23/01/2012,,MEA,False,MEA07,False,2.0,23/08/2013,,,False,Manufacturing Industry Skills Alliance,,,,,,,,,,,,,,,,,,,,False,,False
MEA97,Aeroskills Training Package (Superseded by MEA07),,Training package,Superseded,31/03/2008,Superseded,01/11/1997,30/03/2008,MEA07,False,,,1.0,30/07/2004,,,False,Manufacturing Industry Skills Alliance,,,,,,,,,,,,,,,,,,,,False,,False
MEM98,Metal And Engineering Industry Training Package (Superseded by MEM05),,Training package,Superseded,01/12/2005,Superseded,21/11/1998,30/11/2005,MEM05,False,,,1.0,21/10/1998,,,False,Manufacturing Industry Skills Alliance,,,,,,,,,,,,,,,,,,,,False,,False
MNC04,Coal Training Package (Superseded by RII09),,Training package,Superseded,07/07/2009,Superseded,01/02/2004,06/07/2009,RII09,False,MNC98,False,2,16/01/2008,,,False,Mining and Automotive Skills Alliance,,,,,,,,,,,,,,,,,,,,False,,False
MNC98,Black Coal (Superseded by MNC04),,Training package,Superseded,01/02/2004,Superseded,11/09/1998,31/01/2004,MNC04,False,,,1.0,11/12/1998,,,False,Mining and Automotive Skills Alliance,,,,,,,,,,,,,,,,,,,,False,,False
MNM05,Metalliferous Mining Training Package (Superseded by RII09),,Training package,Superseded,07/07/2009,Superseded,21/01/2005,06/07/2009,RII09,False,MNM99,False,1.1,06/04/2007,,,False,Mining and Automotive Skills Alliance,,,,,,,,,,,,,,,,,,,,False,,False
MNM99,Metalliferous Mining (Superseded by MNM05),,Training package,Superseded,21/01/2005,Superseded,12/11/1999,20/01/2005,MNM05,False,,,1.0,12/11/1999,,,False,Mining and Automotive Skills Alliance,,,,,,,,,,,,,,,,,,,,False,,False
MNQ03,Extractive Industries Training Package (Superseded by RII09),,Training package,Superseded,07/07/2009,Superseded,17/10/2003,06/07/2009,RII09,False,MNQ98,False,1.1,18/01/2008,,,False,Mining and Automotive Skills Alliance,,,,,,,,,,,,,,,,,,,,False,,False
MNQ98,Extractive Industry (Superseded by MNQ03),,Training package,Superseded,17/10/2003,Superseded,24/07/1998,16/10/2003,MNQ03,False,,,1.0,24/07/1998,,,False,Mining and Automotive Skills Alliance,,,,,,,,,,,,,,,,,,,,False,,False
MSA05,Conditionally Endorsed Manufacturing Qualifications Training Package (Superseded by MSA07),,Training package,Superseded,01/04/2007,Superseded,01/01/2005,31/03/2007,MSA07,False,,,1.0,01/01/2005,,,False,Manufacturing Industry Skills Alliance,,,,,,,,,,,,,,,,,,,,False,,False
MSL09,Laboratory Operations Training Package,,Training package,Superseded,01/03/2016,Superseded,01/01/2010,,MSL,False,PML04,False,2.3,11/03/2013,,,False,Manufacturing Industry Skills Alliance,,,,,,,,,,,,,,,,,,,,False,,False
MTM00,Australian Meat Industry Training Package (Superseded by MTM07),,Training package,Superseded,01/02/2008,Superseded,29/11/2000,31/01/2008,MTM07,False,MTM98,False,1.0,29/11/2000,,,False,Skills Insight,,,,,,,,,,,,,,,,,,,,False,,False
MTM07,Australian Meat Industry Training Package,,Training package,Superseded,21/07/2011,Superseded,01/02/2008,20/07/2011,MTM11,False,MTM00,False,1.0,01/02/2008,,,False,Skills Insight,,,,,,,,,,,,,,,,,,,,False,,False
MTM11,Australian Meat Industry Training Package,,Training package,Superseded,04/08/2016,Superseded,21/12/2012,,AMP,False,MTM07,False,4.0,20/04/2013,,,False,Skills Insight,,,,,,,,,,,,,,,,,,,,False,,False
MTM98,Australian Meat Industry (Superseded by MTM00),,Training package,Superseded,29/11/2000,Superseded,12/01/1998,28/11/2000,MTM00,False,,,1.0,12/01/1998,,,False,Skills Insight,,,,,,,,,,,,,,,,,,,,False,,False
NWP01,Water Industry Training Package (Superseded by NWP07),,Training package,Superseded,12/03/2008,Superseded,20/05/2002,11/03/2008,NWP07,False,UTW98,False,1.0,21/09/2001,,,False,BuildSkills Australia,,,,,,,,,,,,,,,,,,,,False,,False
NWP07,Water Training Package,,Training package,Superseded,07/12/2015,Superseded,12/03/2008,,NWP,False,NWP01,False,3.0,30/04/2012,,,False,BuildSkills Australia,,,,,,,,,,,,,,,,,,,,False,,False
PMA02,"Chemical, Hydrocarbons And Oil Refining Training Package (Superseded by PMA08)",,Training package,Superseded,27/08/2008,Superseded,09/12/2002,26/08/2008,PMA08,False,PMA98,False,1.0,25/11/2002,,,False,Manufacturing Industry Skills Alliance,,,,,,,,,,,,,,,,,,,,False,,False
PMA98,"Chemical, Hydrocarbons and Oil Refining (Superseded by PMA02)",,Training package,Superseded,09/12/2002,Superseded,31/08/1998,08/12/2002,PMA02,False,,,1.0,31/08/1998,,,False,Manufacturing Industry Skills Alliance,,,,,,,,,,,,,,,,,,,,False,,False
PMB01,"Plastics, Rubber And Cablemaking Training Package (Superseded by PMB07)",,Training package,Superseded,16/11/2007,Superseded,21/03/2002,15/11/2007,PMB07,False,PMB98,False,1.0,30/11/2001,,,False,Manufacturing Industry Skills Alliance,,,,,,,,,,,,,,,,,,,,False,,False
PMB98,"Plastics, Rubber and Cablemaking (Superseded by PMB01)",,Training package,Superseded,21/03/2002,Superseded,22/10/1998,20/03/2002,PMB01,False,,,1.0,22/10/1998,,,False,Manufacturing Industry Skills Alliance,,,,,,,,,,,,,,,,,,,,False,,False
PMC04,Manufactured Mineral Products Training Package (Superseded by PMC10),,Training package,Superseded,16/04/2010,Superseded,23/10/2004,15/04/2010,PMC10,False,PMC99,False,1.0,01/01/2004,,,False,Manufacturing Industry Skills Alliance,,,,,,,,,,,,,,,,,,,,False,,False
PMC99,Manufactured Mineral Products (Superseded by PMC04),,Training package,Superseded,23/10/2004,Superseded,22/06/1999,22/10/2004,PMC04,False,,,1.0,22/06/1999,,,False,Manufacturing Industry Skills Alliance,,,,,,,,,,,,,,,,,,,,False,,False
PML04,Laboratory Operations Training Package (Superseded by MSL09),,Training package,Superseded,01/01/2010,Superseded,20/10/2004,31/12/2009,MSL09,False,PML99,False,1.0,20/10/2004,,,False,Manufacturing Industry Skills Alliance,,,,,,,,,,,,,,,,,,,,False,,False
PML99,Laboratory Operations (Superseded by PML04),,Training package,Superseded,20/10/2004,Superseded,15/12/1999,19/10/2004,PML04,False,,,1.0,15/12/1999,,,False,Manufacturing Industry Skills Alliance,,,,,,,,,,,,,,,,,,,,False,,False
PRD01,Property Development and Management Training Package (Superseded by CPP07),,Training package,Superseded,28/08/2007,Superseded,01/06/2001,27/08/2007,CPP07,False,,,1.0,20/06/2005,,,False,BuildSkills Australia,,,,,,,,,,,,,,,,,,,,False,,False
PRM04,ASSET MAINTENANCE TRAINING PACKAGE,,Training package,Superseded,07/04/2011,Superseded,19/03/2004,06/04/2011,CPP07,False,PRM98,False,3.0,30/03/2009,,,False,BuildSkills Australia,,,,,,,,,,,,,,,,,,,,False,,False
PRM98,Asset Maintenance (Superseded by PRM04),,Training package,Superseded,19/03/2004,Superseded,30/11/1998,18/03/2004,PRM04,False,,,1.0,17/11/1998,,,False,BuildSkills Australia,,,,,,,,,,,,,,,,,,,,False,,False
PRS03,Asset Security Training Package (Superseded by CPP07),,Training package,Superseded,28/08/2007,Superseded,17/05/2003,27/08/2007,CPP07,False,PRS98,False,1.0,19/03/2003,,,False,BuildSkills Australia,,,,,,,,,,,,,,,,,,,,False,,False
PRS98,Asset Security (Superseded by PRS03),,Training package,Superseded,17/05/2003,Superseded,24/11/1998,16/05/2003,PRS03,False,,,1.0,24/11/1998,,,False,BuildSkills Australia,,,,,,,,,,,,,,,,,,,,False,,False
PSP04,Public Sector Training Package,,Training package,Superseded,01/11/2012,Superseded,27/11/2004,31/10/2012,PSP12,False,PSP99,False,4.2,07/03/2012,,,False,Public Skills Australia,,,,,,,,,,,,,,,,,,,,False,,False
PSP12,Public Sector Training Package,,Training package,Superseded,07/03/2016,Superseded,01/11/2012,,PSP,False,PSP04,False,1.0,01/11/2012,,,False,Public Skills Australia,,,,,,,,,,,,,,,,,,,,False,,False
PSP99,National Public Services (Superseded by PSP04),,Training package,Superseded,27/11/2004,Superseded,01/01/2000,26/11/2004,PSP04,False,,,1.0,12/11/1999,,,False,Public Skills Australia,,,,,,,,,,,,,,,,,,,,False,,False
PUA00,Public Safety Training Package,,Training package,Superseded,17/08/2012,Superseded,01/07/2000,16/08/2012,PUA12,False,,,8.1,09/02/2011,,,False,Public Skills Australia,,,,,,,,,,,,,,,,,,,,False,,False
PUA12,Public Safety Training Package,,Training package,Superseded,16/07/2019,Superseded,28/08/2012,,PUA,False,PUA00,False,2.1,02/05/2013,,,False,Public Skills Australia,,,,,,,,,,,,,,,,,,,,False,,False
RGR02,Racing Industry Training Package,,Training package,Superseded,21/07/2011,Superseded,10/02/2003,20/07/2011,RGR08,False,RGR98,False,1.0,16/12/2002,,,False,Skills Insight,,,,,,,,,,,,,,,,,,,,False,,False
RGR08,Racing Training Package,,Training package,Superseded,05/07/2018,Superseded,24/09/2008,,RGR,False,RGR02,False,2.0,17/12/2013,,,False,Skills Insight,,,,,,,,,,,,,,,,,,,,False,,False
RGR98,Racing Industry (Superseded by RGR02),,Training package,Superseded,10/02/2003,Superseded,15/06/1998,09/02/2003,RGR02,False,,,1.0,15/06/1998,,,False,Skills Insight,,,,,,,,,,,,,,,,,,,,False,,False
RII06,Civil Construction Training Package (Superseded by RII09),,Training package,Superseded,07/07/2009,Superseded,14/07/2006,06/07/2009,RII09,False,,,1.0,14/07/2006,,,False,Mining and Automotive Skills Alliance,,,,,,,,,,,,,,,,,,,,False,,False
RII09,Resources and Infrastructure Industry Training Package,,Training package,Superseded,14/11/2013,Superseded,07/07/2009,,RII,False,DRT03;MNC04;BCC03;RII06;MNQ03;MNM05,False;False;False;False;False;False,3.2,29/05/2013,,,False,Mining and Automotive Skills Alliance,,,,,,,,,,,,,,,,,,,,False,,False
RTD02,Conservation And Land Management Training Package,,Training package,Superseded,21/07/2011,Superseded,01/06/2002,20/07/2011,AHC10,False,,,1.0,01/06/2002,,,False,Skills Insight,,,,,,,,,,,,,,,,,,,,False,,False
RTE03,Rural Production Training Package,,Training package,Superseded,21/07/2011,Superseded,01/04/2003,20/07/2011,AHC10,False,RUA98,False,1.0,04/10/2003,,,False,Skills Insight,,,,,,,,,,,,,,,,,,,,False,,False
RTF03,Amenity Horticulture Training Package,,Training package,Superseded,21/07/2011,Superseded,22/09/2003,20/07/2011,AHC10,False,RUH98,False,1.0,10/04/2003,,,False,Skills Insight,,,,,,,,,,,,,,,,,,,,False,,False
RUA98,Agriculture (Superseded by RTE03),,Training package,Superseded,01/04/2003,Superseded,12/01/1998,31/03/2003,RTE03,False,,,1.0,12/01/1998,,,False,Skills Insight,,,,,,,,,,,,,,,,,,,,False,,False
RUH98,Horticulture (Superseded by RTF03),,Training package,Superseded,22/09/2003,Superseded,21/05/1998,21/09/2003,RTF03,False,,,1.0,21/05/1998,,,False,Skills Insight,,,,,,,,,,,,,,,,,,,,False,,False
RUV04,Animal Care And Management Training Package,,Training package,Superseded,21/07/2011,Superseded,12/03/2004,20/07/2011,ACM10,False,RUV98,False,1.0,27/02/2004,,,False,Skills Insight,,,,,,,,,,,,,,,,,,,,False,,False
RUV98,Veterinary Nursing (Superseded by RUV04),,Training package,Superseded,12/03/2004,Superseded,22/06/1998,11/03/2004,RUV04,False,,,1.0,22/06/1998,,,False,Skills Insight,,,,,,,,,,,,,,,,,,,,False,,False
SFI00,Seafood Industry (Superseded by SFI04),,Training package,Superseded,01/01/2004,Superseded,02/01/2000,31/12/2003,SFI04,False,,,1.0,21/01/2000,,,False,Skills Insight,,,,,,,,,,,,,,,,,,,,False,,False
SFI04,Seafood Industry Training Package,,Training package,Superseded,21/07/2011,Superseded,01/01/2004,20/07/2011,SFI11,False,SFI00,False,1.0,24/02/2004,,,False,Skills Insight,,,,,,,,,,,,,,,,,,,,False,,False
SFI11,Seafood Industry Training Package,,Training package,Superseded,21/06/2019,Superseded,22/07/2011,,SFI,False,SFI04,False,2.2,06/03/2015,,,False,Skills Insight,,,,,,,,,,,,,,,,,,,,False,,False
SFL10,Floristry Training Package,,Training package,Superseded,25/09/2015,Superseded,29/06/2011,,SFL,False,WRF04,False,1.0,29/06/2011,,,False,Service and Creative Skills Australia,,,,,,,,,,,,,,,,,,,,False,,False
SIB10,Beauty Training Package,,Training package,Superseded,11/09/2018,Superseded,23/09/2010,,SHB,False,WRB04,False,1.2,12/12/2011,,,False,Service and Creative Skills Australia,,,,,,,,,,,,,,,,,,,,False,,False
SIF08,Funeral Services Training Package,,Training package,Superseded,21/06/2013,Superseded,21/08/2008,,SIF,False,WFS02,False,1.1,19/02/2009,,,False,Service and Creative Skills Australia,,,,,,,,,,,,,,,,,,,,False,,False
SIH11,Hairdressing Training Package,,Training package,Superseded,30/03/2016,Superseded,20/07/2011,,SHB,False,WRH06,True,2.0,19/08/2013,,,False,Service and Creative Skills Australia,,,,,,,,,,,,,,,,,,,,False,,False
SIR07,Retail Services Training Package,,Training package,Superseded,16/08/2017,Superseded,24/08/2007,,SIR,False,WRP02;WRR02;WRW01,False;False;False,3.4,19/04/2016,,,False,Service and Creative Skills Australia,,,,,,,,,,,,,,,,,,,,False,,False
SIS10,"Sport, Fitness and Recreation Training Package",,Training package,Superseded,11/09/2019,Superseded,06/06/2011,,SIS,False,SRC04;SRF04;SRO03;SRS03,False;False;False;False,3.1,21/07/2015,,,False,HumanAbility,,,,,,,,,,,,,,,,,,,,False,,False
SIT07,"Tourism, Hospitality and Events Training Package",,Training package,Superseded,18/01/2013,Superseded,06/06/2008,17/01/2013,SIT12,False,THH02;THC04;THT02,False;False;False,3.0,01/05/2012,,,False,Service and Creative Skills Australia,,,,,,,,,,,,,,,,,,,,False,,False
SRC01,National Community Recreation Industry (Superseded by SRC04),,Training package,Superseded,24/09/2004,Superseded,17/01/2001,23/09/2004,SRC04,False,,,1.0,22/12/2000,,,False,HumanAbility,,,,,,,,,,,,,,,,,,,,False,,False
SRC04,Community Recreation Industry Training Package,,Training package,Superseded,23/07/2011,Superseded,24/09/2004,22/07/2011,SIS10,False,SRC01,False,1.0,11/10/2004,,,False,HumanAbility,,,,,,,,,,,,,,,,,,,,False,,False
SRF01,National Fitness Industry (Superseded by SRF04),,Training package,Superseded,24/09/2004,Superseded,17/01/2001,23/09/2004,SRF04,False,,,1.0,22/12/2000,,,False,HumanAbility,,,,,,,,,,,,,,,,,,,,False,,False
SRF04,Fitness Industry Training Package,,Training package,Superseded,23/07/2011,Superseded,24/09/2004,22/07/2011,SIS10,False,SRF01,False,1.0,11/10/2004,,,False,HumanAbility,,,,,,,,,,,,,,,,,,,,False,,False
SRO03,Outdoor Recreation Industry Training Package,,Training package,Superseded,23/07/2011,Superseded,13/03/2003,22/07/2011,SIS10,False,SRO99,False,1.0,16/01/2003,,,False,HumanAbility,,,,,,,,,,,,,,,,,,,,False,,False
SRO99,National Outdoor Recreation Industry (Superseded by SRO03),,Training package,Superseded,13/03/2003,Superseded,16/04/1999,12/03/2003,SRO03,False,,,1.0,16/04/1999,,,False,HumanAbility,,,,,,,,,,,,,,,,,,,,False,,False
SRS03,Sport Industry Training Package (Superseded by SIS10),,Training package,Superseded,27/07/2011,Superseded,31/03/2003,26/07/2011,SIS10,False,SRS99,False,1.0,16/01/2003,,,False,HumanAbility,,,,,,,,,,,,,,,,,,,,False,,False
SRS99,National Sport Industry (Superseded by SRS03),,Training package,Superseded,31/03/2003,Superseded,07/07/1999,30/03/2003,SRS03,False,,,1.0,07/07/1999,,,False,HumanAbility,,,,,,,,,,,,,,,,,,,,False,,False
SUG02,Sugar Milling Training Package,,Training package,Superseded,31/01/2011,Superseded,12/10/2002,,FDF10,False,,,1.0,12/10/2002,,,False,Skills Insight,,,,,,,,,,,,,,,,,,,,False,,False
TAA04,Training and Assessment Training Package,,Training package,Superseded,21/07/2011,Superseded,01/11/2004,20/07/2011,TAE10,False,BSZ98,False,1.0,01/10/2004,,,False,Department of Employment and Workplace Relations (Interim),,,,,,,,,,,,,,,,,,,,False,,False
TAE10,Training and Education,,Training package,Superseded,06/04/2016,Superseded,02/11/2012,,TAE,False,TAA04,False,3.4,02/05/2014,,,False,Department of Employment and Workplace Relations (Interim),,,,,,,,,,,,,,,,,,,,False,,False
TDA03,Aviation Training Package (Superseded by AVI08),,Training package,Superseded,01/04/2008,Superseded,01/03/2003,31/03/2008,AVI08,False,,,1.0,27/02/2003,,,False,Industry Skills Australia,,,,,,,,,,,,,,,,,,,,False,,False
TDM01,Maritime Training Package (Superseded by TDM07),,Training package,Superseded,01/09/2007,Superseded,30/08/2001,31/08/2007,TDM07,False,,,1.0,31/07/2001,,,False,Industry Skills Australia,,,,,,,,,,,,,,,,,,,,False,,False
TDM07,Maritime Training Package,,Training package,Superseded,06/06/2013,Superseded,19/06/2007,,MAR13,False,TDM01,False,1.0,19/06/2007,,,False,Industry Skills Australia,,,,,,,,,,,,,,,,,,,,False,,False
TDT02,Transport And Distribution Training Package (Superseded by TLI07),,Training package,Superseded,03/09/2007,Superseded,29/05/2002,02/09/2007,TLI07,False,TDT97,False,1.0,29/05/2002,,,False,Industry Skills Australia,,,,,,,,,,,,,,,,,,,,False,,False
TDT97,Transport and Distribution (Superseded by TDT02),,Training package,Superseded,29/05/2002,Superseded,17/10/1997,28/05/2002,TDT02,False,,,1.0,17/10/1997,,,False,Industry Skills Australia,,,,,,,,,,,,,,,,,,,,False,,False
THC04,Caravan Industry Training Package (Superseded by SIT07 and by MSA07),,Training package,Superseded,06/06/2008,Superseded,27/02/2004,05/06/2008,MSA07;SIT07,False;False,THC99,False,1.0,12/02/2004,,,False,Service and Creative Skills Australia,,,,,,,,,,,,,,,,,,,,False,,False
THC99,Caravan Industry (Superseded by THC04),,Training package,Superseded,27/02/2004,Superseded,01/02/1999,26/02/2004,THC04,False,,,1.0,01/02/1999,,,False,Service and Creative Skills Australia,,,,,,,,,,,,,,,,,,,,False,,False
THH02,Hospitality Training Package (Superseded by SIT07),,Training package,Superseded,06/06/2008,Superseded,20/03/2002,05/06/2008,SIT07,False,THH97,False,1.0,23/01/2002,,,False,Service and Creative Skills Australia,,,,,,,,,,,,,,,,,,,,False,,False
THH97,Hospitality Industry (Superseded by THH02),,Training package,Superseded,20/03/2002,Superseded,23/09/1997,19/03/2002,THH02,False,,,1.0,23/09/1997,,,False,Service and Creative Skills Australia,,,,,,,,,,,,,,,,,,,,False,,False
THT02,Tourism Training Package (Superseded by SIT07),,Training package,Superseded,06/06/2008,Superseded,20/03/2002,05/06/2008,SIT07,False,THT98,False,1.0,23/01/2002,,,False,Service and Creative Skills Australia,,,,,,,,,,,,,,,,,,,,False,,False
THT98,Tourism (Superseded by THT02),,Training package,Superseded,20/03/2002,Superseded,05/06/1998,19/03/2002,THT02,False,,,1.0,05/06/1998,,,False,Service and Creative Skills Australia,,,,,,,,,,,,,,,,,,,,False,,False
TLI07,Transport and Logistics Training Package (Superseded by TLI10),,Training package,Superseded,31/12/2010,Superseded,03/09/2007,30/12/2010,TLI10,False,TDT02,False,1.0,14/07/2010,,,False,Industry Skills Australia,,,,,,,,,,,,,,,,,,,,False,,False
TLI10,TRANSPORT AND LOGISTICS TRAINING PACKAGE,,Training package,Superseded,26/02/2016,Superseded,31/12/2010,,TLI,False,TLI07,False,4.2,18/03/2014,,,False,Industry Skills Australia,,,,,,,,,,,,,,,,,,,,False,,False
UEE06,Electrotechnology Training Package (Superseded by UEE07),,Training package,Superseded,08/03/2008,Superseded,23/11/2006,07/03/2008,UEE07,False,UTE99;UTL98,False;False,1.0,08/11/2006,,,False,Powering Skills Organisation,,,,,,,,,,,,,,,,,,,,False,,False
UEE11,Electrotechnology Training Package,,Training package,Superseded,05/10/2020,Superseded,16/03/2012,,UEE,False,UEE07,True,1.5,16/12/2014,,,False,Powering Skills Organisation,,,,,,,,,,,,,,,,,,,,False,,False
UEG06,Gas Industry Training Package,,Training package,Superseded,19/01/2012,Superseded,24/04/2006,18/01/2012,UEG11,False,UTG98,False,1.1,24/04/2006,,,False,Powering Skills Organisation,,,,,,,,,,,,,,,,,,,,False,,False
UET06,"Transmission, Distribution and Rail Sector Training Package (Superseded by UET09)",,Training package,Superseded,30/10/2009,Superseded,10/07/2006,29/10/2009,UET09,False,UTT98,False,1.0,10/07/2006,,,False,Powering Skills Organisation,,,,,,,,,,,,,,,,,,,,False,,False
UET09,"Transmission, Distribution and Rail Sector Training Package",,Training package,Superseded,01/05/2012,Superseded,30/10/2009,30/04/2012,UET12,False,UET06,False,3.0,21/07/2011,,,False,Powering Skills Organisation,,,,,,,,,,,,,,,,,,,,False,,False
UTE99,Electrotechnology Industry Training Package (Superseded by UEE06),,Training package,Superseded,23/11/2006,Superseded,01/09/1999,22/11/2006,UEE06,False,,,1.0,21/07/1999,,,False,Powering Skills Organisation,,,,,,,,,,,,,,,,,,,,False,,False
UTG98,Gas Industry Training Package (Superseded by UEG06),,Training package,Superseded,24/04/2006,Superseded,21/10/1998,23/04/2006,UEG06,False,,,1.0,21/10/1998,,,False,Powering Skills Organisation,,,,,,,,,,,,,,,,,,,,False,,False
UTL98,Lifts Industry Training Package (Superseded and included in UEE06),,Training package,Superseded,23/11/2006,Superseded,04/12/1998,22/11/2006,UEE06,False,,,1.0,04/12/1998,,,False,Powering Skills Organisation,,,,,,,,,,,,,,,,,,,,False,,False
UTP98,Electricity Supply Industry - Generation Training Package (Superseded by UEP06),,Training package,Superseded,07/11/2006,Superseded,21/10/1998,06/11/2006,UEP06,False,,,1.0,21/10/1998,,,False,Powering Skills Organisation,,,,,,,,,,,,,,,,,,,,False,,False
UTT98,Electricity Supply Industry - Transmission And Distribution Training Package (Superseded by UET06),,Training package,Superseded,10/07/2006,Superseded,21/10/1998,09/07/2006,UET06,False,,,1.0,21/10/1998,,,False,Powering Skills Organisation,,,,,,,,,,,,,,,,,,,,False,,False
UTW98,Water Industry (Superseded by NWP01),,Training package,Superseded,20/05/2002,Superseded,21/10/1998,19/05/2002,NWP01,False,,,1.0,21/10/1998,,,False,BuildSkills Australia,,,,,,,,,,,,,,,,,,,,False,,False
WFS02,Funeral Services Training Package (Superseded by SIF08),,Training package,Superseded,21/08/2008,Superseded,18/02/2002,20/08/2008,SIF08,False,,,1.0,11/02/2002,,,False,Service and Creative Skills Australia,,,,,,,,,,,,,,,,,,,,False,,False
WRB04,Beauty Training Package,,Training package,Superseded,21/07/2011,Superseded,21/06/2004,20/07/2011,SIB10,False,WRB99,False,1.0,07/06/2004,,,False,Service and Creative Skills Australia,,,,,,,,,,,,,,,,,,,,False,,False
WRB99,National Beauty (Superseded by WRB04),,Training package,Superseded,21/06/2004,Superseded,06/07/1999,20/06/2004,WRB04,False,,,1.0,06/07/1999,,,False,Service and Creative Skills Australia,,,,,,,,,,,,,,,,,,,,False,,False
WRF04,Floristry Training Package,,Training package,Superseded,21/07/2011,Superseded,27/02/2004,20/07/2011,SFL10,False,WRF99,False,1.0,12/02/2004,,,False,Service and Creative Skills Australia,,,,,,,,,,,,,,,,,,,,False,,False
WRF99,Floristry (Superseded by WRF04),,Training package,Superseded,27/02/2004,Superseded,19/07/1999,26/02/2004,WRF04,False,,,1.0,19/07/1999,,,False,Service and Creative Skills Australia,,,,,,,,,,,,,,,,,,,,False,,False
WRH00,Hairdressing (Superseded by WRH06),,Training package,Superseded,27/01/2006,Superseded,04/08/2000,26/01/2006,WRH06,False,,,1.0,04/08/2000,,,False,Service and Creative Skills Australia,,,,,,,,,,,,,,,,,,,,False,,False
WRP02,Community Pharmacy Training Package (Superseded by SIR07),,Training package,Superseded,24/08/2007,Superseded,18/02/2002,23/08/2007,SIR07,False,,,1.0,04/02/2002,,,False,Service and Creative Skills Australia,,,,,,,,,,,,,,,,,,,,False,,False
WRR02,Retail Training Package (Superseded by SIR07),,Training package,Superseded,24/08/2007,Superseded,30/01/2002,23/08/2007,SIR07,False,WRR97,False,1.0,30/01/2002,,,False,Service and Creative Skills Australia,,,,,,,,,,,,,,,,,,,,False,,False
WRR97,Retail (Superseded by WRR02),,Training package,Superseded,30/01/2002,Superseded,23/09/1997,29/01/2002,WRR02,False,,,1.0,23/09/1997,,,False,Service and Creative Skills Australia,,,,,,,,,,,,,,,,,,,,False,,False
WRW01,Wholesale Training Package (Superseded by SIR07),,Training package,Superseded,24/08/2007,Superseded,23/05/2001,23/08/2007,SIR07,False,,,1.0,23/05/2001,,,False,Service and Creative Skills Australia,,,,,,,,,,,,,,,,,,,,False,,False
ZQF00,Qantas - (CONFIDENTIAL - Not all detail is accessible) (Superseded by AVI08),,Training package,Superseded,01/04/2008,Superseded,10/10/2000,31/03/2008,AVI08,False,,,1.0,10/10/2000,,,True,Industry Skills Australia,,,,,,,,,,,,,,,,,,,,False,,False
ZWA99,Woolworths (CONFIDENTIAL - not all detail is accessible) (Superseded by ZWA04),,Training package,Superseded,16/01/2004,Superseded,28/10/1999,15/01/2004,ZWA04,False,,,1.0,28/10/1999,,,True,SkillsIQ,,,,,,,,,,,,,,,,,,,,False,,False
ZWV03,Humanitarian (Superseded by ZWV05),,Training package,Superseded,19/09/2005,Superseded,17/03/2003,18/09/2005,ZWV05,False,,,1.0,17/03/2003,,,False,World Vision Australia,,,,,,,,,,,,,,,,,,,,False,,False
CUF07,Screen and Media Training Package,,Training package,Deleted,18/10/2018,Deleted,01/01/2008,,,,CUF01,False,1.2,11/11/2010,,,False,Service and Creative Skills Australia,,,,,,,,,,,,,,,,,,,,False,,False
CUL11,"Library, Information and Cultural Services Training Package",,Training package,Deleted,18/10/2018,Deleted,20/12/2011,,,,CUL04,False,1.0,20/12/2011,,,False,Future Skills Organisation,,,,,,,,,,,,,,,,,,,,False,,False
CUS09,Music,,Training package,Deleted,18/10/2018,Deleted,05/11/2009,,,,CUS01,False,1.2,02/11/2011,,,False,Service and Creative Skills Australia,,,,,,,,,,,,,,,,,,,,False,,False
PMC,Manufactured Mineral Products,,Training package,Deleted,08/11/2018,Deleted,,,,,PMC10,True,1.0,22/06/2016,,,False,Manufacturing Industry Skills Alliance,,,,,,,,,,,,,,,,,,,,False,,False
ZBE02,Boral Interior Lining (CONFIDENTIAL - detail not available),,Training package,Deleted,29/11/2016,Deleted,28/11/2002,,,,,,1.0,28/11/2002,,,True,,,,,,,,,,,,,,,,,,,,,False,,False
ZBS00,Australian Red Cross Blood Services (CONFIDENTIAL - Not all detail is accessible),,Training package,Deleted,29/11/2016,Deleted,18/07/2000,,,,,,1.0,18/07/2000,,,True,SkillsIQ,,,,,,,,,,,,,,,,,,,,False,,False
ZCA97,Service Technician Portable Fire Equipment (Chubb Fire),,Training package,Deleted,29/11/2016,Deleted,25/11/1997,,,,,,1.0,25/11/1997,,,False,Manufacturing Industry Skills Council,,,,,,,,,,,,,,,,,,,,False,,False
ZKO99,Kodak (Australasia) - (CONFIDENTIAL - Not all detail is accessible),,Training package,Deleted,29/11/2016,Deleted,24/12/1999,,,,,,1.0,24/12/1999,,,True,,,,,,,,,,,,,,,,,,,,,False,,False
ZPO99,P & O Ports,,Training package,Deleted,29/11/2016,Deleted,13/01/1999,,,,,,1.0,13/01/1999,,,False,Australian Industry Standards,,,,,,,,,,,,,,,,,,,,False,,False
ZQR00,Queensland Rail - Civil Infrastructure (CONFIDENTIAL - Not all detail is accessible),,Training package,Deleted,29/11/2016,Deleted,13/04/2000,,,,,,1.0,13/04/2000,,,True,Australian Industry Standards,,,,,,,,,,,,,,,,,,,,False,,False
ZRG00,Ricegrowers' Cooperative Limited - (CONFIDENTIAL - Not all detail is accessible),,Training package,Deleted,29/11/2016,Deleted,13/10/2000,,,,,,1.0,13/10/2000,,,True,,,,,,,,,,,,,,,,,,,,,False,,False
ZWA04,Woolworths (CONFIDENTIAL - not all detail is accessible),,Training package,Deleted,29/11/2016,Deleted,16/01/2004,,,,ZWA99,False,1.0,16/01/2004,,,True,SkillsIQ,,,,,,,,,,,,,,,,,,,,False,,False
ZWV05,Humanitarian,,Training package,Deleted,29/11/2016,Deleted,19/09/2005,,,,ZWV03,False,1.0,19/09/2005,,,False,World Vision Australia,,,,,,,,,,,,,,,,,,,,False,,False
ZZZ00,Superseded units,,Training package,Deleted,29/11/2016,Deleted,,,,,,,1.0,01/01/2000,,,False,,,,,,,,,,,,,,,,,,,,,False,,False
