Client ID,,Legal Name,Client Name,Branch,Last Contact,Client Type,Industry Sectors,Phone,Account Manager,Handler,
2005,,Dean Edward Freight,A and D Roof Carpentry GT,WA GT,9/22/2023,Current,2005,400214640,Amie Atkinson,Goran Mirosevic,#ERROR!
1853,,ACWEST ELECTRICAL PTY LTD,ACWEST ELECTRICAL PTY LTD - GT,WA GT,6/22/2023,Current,1853,430507095,Amie Atkinson,Mark Howe,
726,,Allied Pumps Pty Ltd,Allied Pumps (GT),WA GT,9/30/2024,Current,726,893501000,Amie Atkinson,Mark Howe,
10731,,Allstyle Concrete Pty Ltd,Allstyle Concrete Pty Ltd,WA GT,9/22/2023,Current,10731,9303 9466,Monika Southern,Goran Mirosevic,
10237,,ATCO STRUCTURES & LOGISTICS PTY LTD,ATCO STRUCTURES & LOGISTICS PTY LTD (GT),WA GT,9/1/2023,Current,10237,892361500,Braden Lang,Murray Wilson,
2326,,The Trustee for Evans Family Trust,A-Team Family Carpentry Contractors,WA GT,5/26/2024,Current,2326,0424 195 646,Goran Mirosevic,Goran Mirosevic,
9384,,Gomast Pty Ltd,Auswest Painting - GT,WA GT,7/31/2024,Current,9384,0412 948 054,Murray Wilson,Murray Wilson,
10205,,Axis Services Group WA Pty Ltd,Axis Services Group (GTO),WA GT,9/1/2023,Current,10205,08 9417 5133,Monika Southern,Murray Wilson,
1528,,B A Hordyk Enterprises Pty Ltd,BA & KM Carpentry,WA GT,10/25/2023,Current,1528,406060904,Goran Mirosevic,Goran Mirosevic,
715,,Colin Timothy Watts,Big Cols Bricklaying,WA GT,9/18/2024,Current,715,894054495,Murray Wilson,Murray Wilson,
471,,J & M B Binch,Binch Construction,WA GT,8/25/2022,Current,471,414642091,Murray Wilson,Murray Wilson,
1892,,COMMARC PTY LTD ATF THE MAGUIRE FAMILY TRUST,Bisschops Contracting,WA GT,9/22/2023,Current,1892,892503800,Goran Mirosevic,Goran Mirosevic,
4152,,Jay Farrington,Black Ant Carpentry and Construction,WA GT,4/30/2024,Current,4152,419172351,,Goran Mirosevic,
8055,,Blake Matthew Adams,Blake Adams,WA GT,9/22/2023,Current,8055,,Goran Mirosevic,Goran Mirosevic,
10010,,Brandon Sword,Brandon Sword,WA GT,9/22/2023,Current,,0459 035 834,Monika Southern,Goran Mirosevic,
1505,,The Roche Family Trust,Bridie Industries,WA GT,9/22/2023,Current,1505,419472688,Goran Mirosevic,Goran Mirosevic,
1800,,BTECH Electrical Services Pty Ltd,BTECH Electrical Services Pty Ltd - GT,WA GT,6/23/2023,Current,1800,0478 632 090,,Mark Howe,
6786,,Skill Hire WA Pty ltd,Bunbury Skill Hire Jobactive,WA GT,4/28/2020,Current,,08 9376 2800,Jodie Cleverly,Jodie Cleverly,
6861,,,Casotti Plumbers,WA GT,9/13/2023,Current,6861,08 9302 4223,Amie Atkinson,Murray Wilson,
10854,,,Category 5,WA GT,,Current,,,Greg Rogers,,
3527,,The Jones Family Trust,Champion Bay Electrical,WA GT,4/20/2023,Current,3527,08 9921 7557,Amie Atkinson,Amie Atkinson,
2050,,City of Albany,City of Albany (GT),WA GT,8/23/2021,Current,2050,898419333,Andrew Penson,Andrew Penson,
477,,Civmec Construction and Engineering Pty Ltd,Civmec Construction and Engineering Pty Ltd,WA GT,10/4/2023,Current,477,894376288,Terry Doyle,Terry Doyle,
5888,,Cameron Michael Fong,CMF Carpentry & Construction,WA GT,9/22/2023,Current,5888,0439 251 181,Caris Aziz,Goran Mirosevic,
3129,,AR Building,Coastal Ceilings-GT,WA GT,9/22/2023,Current,3129,,Goran Mirosevic,Goran Mirosevic,
11057,,Venus Hospitality,COMO - The Treasury (Wildflower),WA GT,7/27/2024,Current,,,Braden Lang,Murray Wilson,
3327,,Creative Carpentry WA,Creative Carpentry WA,WA GT,5/30/2024,Current,3327,,Goran Mirosevic,Goran Mirosevic,
2233,,C.B Crisp & P.J Crisp,Crisp Bricklaying,WA GT,9/22/2024,Current,2233,430412814,Amie Atkinson,Murray Wilson,
7974,,Cubic Interiors Pty Ltd,Cubic Interiors,WA GT,8/31/2024,Current,7974,08 6212 5000,Caris Aziz,Goran Mirosevic,
10129,,Kingdom Holdings Pty Ltd,Custom Screens,WA GT,6/9/2023,Current,10129,08 9279 7444,Caris Aziz,Murray Wilson,
10371,,Daniel Anthony Ward,Daniel Ward Bricklaying,WA GT,11/12/2023,Current,10371,0416 330 205,Caris Aziz,Natasha Nardone,
721,,Decks Roofs Pergolas Pty Ltd,Decks Roofs Pergolas Pty Ltd,WA GT,9/28/2023,Current,721,422711252,,Goran Mirosevic,
10108,,Decmil Southern Pty Ltd,Decmil Southern Pty Ltd,WA GT,4/20/2023,Current,10108,893688877,Braden Lang,Natasha Nardone,
10306,,OJOLAS Holdings Pty Ltd,Diverse Project Group,WA GT,10/30/2023,Current,10306,08 9258 8555,Monika Southern,Goran Mirosevic,
10382,,David John Dibiase,Drav's Carpentry Services,WA GT,5/5/2024,Current,10382,0403 796 704,Caris Aziz,Goran Mirosevic,
8975,,The S.H.A.R.E Trust,ECO-GT,WA GT,6/28/2023,Current,8975,0401 313 167,,Mark Howe,
10220,,AMD Electrical Pty Ltd,EIG Australia,WA GT,6/30/2024,Current,10220,08 6254 2635,,Mark Howe,
10963,,The Trustee for Malthy Trust,Elcon Services,WA GT,2/28/2024,Current,10963,421444576,Monika Southern,Mark Howe,
9541,,Encubed Pty Ltd,Encubed Pty Ltd,WA GT,9/22/2023,Current,9541,439946128,Goran Mirosevic,Goran Mirosevic,
2230,,Exclusive Commercial (WA) Pty Ltd,Exclusive Commercial Linings,WA GT,1/10/2024,Current,2230,409078696,,Goran Mirosevic,
8862,,Exclusive Contracting WA Pty Ltd,Exclusive Linings,WA GT,6/12/2023,Current,8862,0409 078 696,,,
3394,,Exzo Pty Ltd,Exzo Pty Ltd - GT,WA GT,1/31/2024,Current,3394,,Goran Mirosevic,Goran Mirosevic,
2067,,"HEWLETT, DANIEL WILLIAM",Fremantle Carpentry (GT),WA GT,12/8/2023,Current,2067,458418831,,Goran Mirosevic,
3328,,Frontier Ceilings Pty Ltd,Frontier Ceilings,WA GT,9/22/2023,Current,3328,,Goran Mirosevic,Goran Mirosevic,
9685,,Futureproof Building Services Pty Ltd,Futureproof Building Services Pty Ltd,WA GT,9/22/2023,Current,9685,402055777,Jodie Cleverly,Murray Wilson,
10182,,Gary William Miller,Gary Miller Maintenance,WA GT,9/22/2023,Current,,0434 401 667,Monika Southern,Murray Wilson,
9882,,WA Police Force,Geraldton Police Station,WA GT,5/13/2022,Current,9882,08 9923 4638,Amie Atkinson,Amie Atkinson,
2159,,Geraldton Toyota,Geraldton Toyota,WA GT,8/31/2023,Current,2159,899640000,Amie Atkinson,Margaret Tyler,
2800,,GJM Homes Pty Ltd,GJM Homes Pty Ltd -GT,WA GT,9/28/2023,Current,2800,,Goran Mirosevic,Amie Atkinson,
6865,,Glendoor Ceilings Pty ltd,Glendoor Ceilings,WA GT,7/10/2024,Current,6865,0413 410 725,Caris Aziz,Goran Mirosevic,
703,,The trustee for GMF Trust,GMF Carpentry,WA GT,6/28/2023,Current,703,,Goran Mirosevic,Goran Mirosevic,
10418,,D&C Plumbing Co. Pty Ltd,Golden State Plumbing and Gas,WA GT,6/30/2024,Current,,,Caris Aziz,Murray Wilson,
10176,,,GT Test Employer,WA GT,,Current,,,Braden Lang,,
10190,,GTS Engines PTY LTD,GTS Engines Reconditioning,WA GT,4/20/2023,Current,10190,08 9721 4555,,Natasha Nardone,
2367,,Gunn Electrics WA Pty Ltd,Gunn Electrics WA Pty Ltd,WA GT,9/22/2023,Current,2367,448866022,Caris Aziz,Mark Howe,
10416,,Harry James Traynor,Harry Traynor Carpentry,WA GT,9/13/2023,Current,,0451 332 875,Caris Aziz,Goran Mirosevic,
10852,,Haz Tech Solutions Pty Ltd,Haz Tech Solutions Pty Ltd,WA GT,6/28/2023,Current,10852,6268 0486,Caris Aziz,Mark Howe,
2173,,HERRING 'S COASTAL PLUMBING AND GAS FITTING SERVICES,Herrings Coastal Plumbing & Gas fitting Services (GT),WA GT,8/1/2024,Current,2173,899644171,Amie Atkinson,Margaret Tyler,
600,,Silverbound Pty Ltd,Hot Water Factory,WA GT,11/30/2022,Current,600,,Monika Southern,Murray Wilson,
3192,,Hotina Sokol Carpenters Pty Ltd,Hotina Sokol Carpenters Pty Ltd,WA GT,9/22/2023,Current,3192,,,Goran Mirosevic,
9960,,IGA Distribution (WA) Pty Ltd,IGA Distribution Canning Vale GT,WA GT,1/6/2022,Current,9960,08 9311 6358,,Murray Wilson,
9747,,K5B Developments Pty Ltd,Ironstone Homes,WA GT,2/2/2022,Current,9747,404009578,Jodie Cleverly,Goran Mirosevic,
10180,,Ironstone Modular Pty Ltd,Ironstone Modular,WA GT,6/22/2024,Current,,0404 009 578,Monika Southern,Goran Mirosevic,
11073,,Mark Ian Bowers,Ivanhoe Enterprises,WA GT,8/31/2024,Current,11073,0417 921 560,Caris Aziz,Goran Mirosevic,
9731,,Blackwoods,J. Blackwood & Son Pty Ltd,WA GT,5/20/2022,Current,9731,283629816,,Murray Wilson,
5101,,Tri Tech group pty ltd,Janissen Electrics (GT),WA GT,6/28/2023,Current,5101,08 9351 8331,,,
1515,,JB3 Construction Pty Ltd,JB3 Construction Pty Ltd,WA GT,4/30/2024,Current,1515,417971882,Goran Mirosevic,Goran Mirosevic,
9470,,Jackson Corey Della Franca,JDF BRICKLAYING,WA GT,6/29/2024,Current,,488199844,,Murray Wilson,
499,,"INGRAM, JACK",JMI Carpentry and Construction,WA GT,4/17/2024,Current,,0431 428 933,Goran Mirosevic,Goran Mirosevic,
10086,,"Koncurat, Jamie Ned",JNK Electrical,WA GT,6/28/2023,Current,10086,0411 102 317,Monika Southern,Mark Howe,
10091,,The Trustee For The Fiegert Family Trust,Joel Fiegert,WA GT,7/23/2024,Current,10091,0433 343 394,Monika Southern,,
10102,,,John McGhee Bricklaying,WA GT,5/12/2024,Current,10102,0459 637 924,Margaret Tyler,Margaret Tyler,
609,,JOHNS ROOFING & PERGOLAS,Johns Roofing & Pergolas,WA GT,9/22/2023,Current,609,894094740,Goran Mirosevic,Goran Mirosevic,
2204,,OUR Group of Companies Pty Ltd,KADA SYSTEMS,WA GT,6/28/2023,Current,2204,1300687669,,Mark Howe,
4675,,KVN Bricklaying,KVN Bricklaying,WA GT,5/28/2023,Current,4675,,Goran Mirosevic,Murray Wilson,
10256,,Leschenault Community Nursery Inc,Leschenault Community Nursery Inc,WA GT,9/27/2023,Current,10256,,Caris Aziz,Natasha Nardone,
750,,WEST COAST RESOURCES (WA) PTY LTD,LKR Electrical,WA GT,6/28/2023,Current,750,407722185,,Mark Howe,
10166,,Louis Charles McAteer,Louis McAteer,WA GT,10/3/2023,Current,,0434 258 355,Caris Aziz,Goran Mirosevic,
7955,,Lovegrove Electrical,Lovegrove Electrical (GT GER),WA GT,6/1/2023,Current,7955,892443300,Amie Atkinson,Amie Atkinson,
2021,,John Lovegrove & Co. Pty. Ltd,Lovegrove Electrical (GT PER),WA GT,5/12/2024,Current,2021,892443300,,Mark Howe,
10353,,Lakeview Asset Pty Ltd,M & A Formwork,WA GT,12/30/2023,Current,,0414 234 161,Caris Aziz,Goran Mirosevic,
1543,,M & D ADAMS ROOF CARPENTRY,M and D Adams Roof Carpentry,WA GT,9/22/2023,Current,1543,412378466,Goran Mirosevic,Goran Mirosevic,
8951,,Mackenzie Carpentry,Mackenzie Carpentry,WA GT,12/4/2023,Current,8951,,,Goran Mirosevic,
10350,,Master Builders Western Australia,Master Builders Association WA,WA GT,1/18/2023,Current,,9476 9800,Caris Aziz,Murray Wilson,
1597,,MAYVIS ELECTRICAL,Mayvis Electrical (GT),WA GT,9/21/2023,Current,1597,9302 6455,,Mark Howe,
9690,,The trustee for Brittain Family Trust,Metro Formwork Logistics Pty Ltd,WA GT,9/22/2023,Current,,,Goran Mirosevic,Goran Mirosevic,
2177,,Mid West Ports,Mid West Ports Authority (GT),WA GT,11/30/2022,Current,2177,899640520,Amie Atkinson,Amie Atkinson,
11108,,MRAEL Limited,MRAEL,WA GT,,Current,,07 4191 2510,Jodie Cleverly,Nicole Burns,
10995,,MTP Building Services Pty Ltd (GTO),MTP Building Services Pty Ltd,WA GT,8/28/2023,Current,,0431 458 185,Amie Atkinson,Murray Wilson,
10239,,National Estate Builders WA Pty Ltd,National Estate Builders,WA GT,11/30/2022,Current,10239,9381 7094,Caris Aziz,Murray Wilson,
767,,NICHE CABLING,Niche Cabling (GT),WA GT,7/21/2024,Current,767,408921851,Mark Howe,Mark Howe,
2063,,NILSEN (WA) PTY. LTD.,Nilsen (WA) Pty Ltd,WA GT,6/28/2023,Current,2063,894342311,,Mark Howe,
10998,,NLB Homes Pty Ltd,NLB Homes,WA GT,7/5/2023,Current,,488442095,Monika Southern,Goran Mirosevic,
10809,,Oceanview Technologies Pty Ltd,Oceanview Technologies (GT),WA GT,6/28/2023,Current,10809,0448 894 976,Caris Aziz,Mark Howe,
1564,,ONE-MULTI PTY LTD,One Multi PTY LTD - GT,WA GT,9/22/2023,Current,1564,428225868,,Mark Howe,
10739,,Petit Homes Pty Ltd,Petit Home Improvement,WA GT,4/21/2023,Current,,0481 782 391,Caris Aziz,Goran Mirosevic,
4162,,PK Sorensen Pty Ltd,PLS Carpentry - GT,WA GT,9/27/2022,Current,4162,,Amie Atkinson,Amie Atkinson,
6702,,Milluna Resources Pty Ltd atf The Trustee for B & S POPE FAMILY TRUST,Pope Electrical,WA GT,6/30/2024,Current,6702,(08) 9379 2781,,Mark Howe,
751,,The Trustee for WOODS FAMILY TRUST,POWERLEC ELECTRICAL AND DATA ( GT ),WA GT,6/28/2023,Current,751,894179191,,Mark Howe,
754,,PRO CIRCUIT ELECTRICAL,Pro Circuit Electrical (GT),WA GT,6/28/2023,Current,754,438863561,Mark Howe,Mark Howe,
10248,,Programmed Facility Management Pty Ltd,Programmed Building Projects,WA GT,3/31/2023,Current,,,Caris Aziz,Margaret Tyler,
10805,,Projects115 Pty Ltd,Projects 115,WA GT,5/18/2023,Current,10805,0409 554 593,Amie Atkinson,Goran Mirosevic,
9353,,Protek Carpentry and Fencing Services Pty Ltd,Protek 247,WA GT,6/30/2024,Current,9353,08 9399 8660,Monika Southern,,
731,,The Trustee for The Girst Trust,Pumping Perfect Bricks,WA GT,9/22/2023,Current,731,0417 979 099,Monika Southern,Murray Wilson,
10944,,The Trustee for The R & T Unit Trust,R & T Electrical Pty LTD,WA GT,6/28/2023,Current,,86184682,Jodie Cleverly,Mark Howe,
755,,REST-A-SURED SECURITY PTY LTD,Rest-A-Sured Security Pty Ltd,WA GT,4/30/2024,Current,755,893099500,,Mark Howe,
6336,,The Trustee for Ridley Family Trust,Ridleys Plumbing & Gas,WA GT,9/8/2023,Current,6336,0433 664 489,Caris Aziz,Murray Wilson,
10951,,RMG CONSTRUCTION WA PTY LTD,RMG Construction,WA GT,6/30/2024,Current,,438094280,Jodie Cleverly,Murray Wilson,
11000,,Saul Tornatora,Saul Tornatora,WA GT,9/28/2023,Current,,430938869,Goran Mirosevic,Goran Mirosevic,
11065,,Scott James Amato,Scott Amato,WA GT,8/16/2024,Current,,0474 705 195,Jodie Cleverly,Murray Wilson,
1635,,Selected Plumbing Pty Ltd,Selected Plumbing,WA GT,6/30/2024,Current,1635,892539200,Amie Atkinson,Murray Wilson,
2108,,Skill Hire GT Internal Albany,Skill Hire GT Internal Albany,WA GT,10/25/2022,Current,2108,,Andrew Penson,Andrew Penson,
1899,,Skill Hire GT Internal Bunbury,Skill Hire GT Internal Bunbury,WA GT,3/24/2023,Current,,,Charlotte Sutton,Jodie Cleverly,
2100,,Skill Hire Perth GT W/Comp,Skill Hire Perth GT W/Comp,WA GT,8/9/2021,Current,,,Carly Bradley,Jodie Cleverly,
2158,,Skill Hire-GT Internal Geraldton,Skill Hire-GT Internal Geraldton,WA GT,1/25/2023,Current,,,Amie Atkinson,Amie Atkinson,
1598,,Skill Hire-GT Internal,Skill Hire-GT Internal Perth,WA GT,6/7/2024,Current,1598,,Carly Bradley,Jodie Cleverly,
2450,,The Trustee for The Billins Family Trust,SMB Electrical Services,WA GT,6/28/2023,Current,2450,08 9302 5729,,Mark Howe,
10241,,Soden Carpentry Pty Ltd,Soden Carpentry Pty Ltd,WA GT,6/30/2024,Current,,432345482,Caris Aziz,Goran Mirosevic,
10174,,South West Gateway Alliance,South West Gateway Alliance - GT,WA GT,9/22/2023,Current,10174,0417 471 176,Natasha Nardone,Natasha Nardone,
10043,,SRD Construction PTY LTD,SRD Construction,WA GT,9/22/2023,Current,10043,0439 096 468,Amie Atkinson,Goran Mirosevic,
10757,,SRF Earthmoving Pty Ltd,SRF Earthmoving,WA GT,5/12/2023,Current,10757,0400 732 612,Monika Southern,Goran Mirosevic,
10455,,STAR CONSTRUCT WA PTY LTD,Star Construct WA,WA GT,8/15/2024,Current,,413153403,Monika Southern,Goran Mirosevic,
9954,,Steel Framed Carpentry Pty Ltd,Steel Framed Carpentry,WA GT,4/21/2023,Current,,0409 880 609,Monika Southern,Goran Mirosevic,
10651,,Matthew Johnson,Stefanelli Constructions,WA GT,12/1/2022,Current,10651,400471323,Monika Southern,,
9387,,Stowe Australia PTY LTD,Stowe Australia PTY LTD,WA GT,9/28/2023,Current,9387,,,Mark Howe,
10842,,Sun City Produce Pty Ltd,Sun City Produce Pty Ltd,WA GT,5/1/2024,Current,10842,0418 939 982,Margaret Tyler,Margaret Tyler,
6951,,W Johnson Pty Ltd TA Technical Maintenance Support,Technical Maintenance Support (TMS),WA GT,2/10/2022,Current,6951,08 9965 3168,Amie Atkinson,,
1820,,Donnybrook Holdings Pty Ltd,TES Electrical (Perth GT),WA GT,1/31/2024,Current,1820,894341514,,Mark Howe,
1530,,Tezza's Construction Pty Ltd,Tezza's Construction Pty Ltd,WA GT,5/11/2023,Current,1530,408827810,Caris Aziz,Goran Mirosevic,
9941,,Togail na hEireann pty ltd,Togail na hEireann,WA GT,4/21/2023,Current,9941,08 6248 9694,,Goran Mirosevic,
1979,,Trevor McHoull and Sharyn McHoull and Wade McHoull,Trevor McHoull and Sharyn McHoull and Wade McHoull,WA GT,8/15/2023,Current,1979,466821960,Goran Mirosevic,Goran Mirosevic,
745,,SDC (WA) PTY LTD ATFT,True Blue Building Services,WA GT,1/25/2024,Current,745,423343548,Goran Mirosevic,Goran Mirosevic,
10752,,VCS Cabling Pty Ltd,VCS Cabling Pty Ltd,WA GT,10/4/2023,Current,,9242 3222,Caris Aziz,Mark Howe,
4613,,Venture Smart Pty Limited,Ventia - GT,WA GT,8/14/2023,Current,4613,,Caris Aziz,Mark Howe,
7676,,Vision Fire Detection,Vision Fire Detection-GT,WA GT,4/13/2023,Current,7676,08 9242 3222,,Mark Howe,
7069,,The Trustee for The Hawk Trust,WDM Contracting,WA GT,8/30/2023,Current,7069,0417 277 967,,Goran Mirosevic,
2253,,West View Construction,West View Construction,WA GT,10/25/2021,Current,2253,414849866,Goran Mirosevic,Goran Mirosevic,
2376,,Wilco Electrical WA Pty Ltd,Wilco Electrical (Perth GT),WA GT,6/30/2024,Current,2376,861425404,,Mark Howe,
2323,,WELM PTY LTD,WN + LC Henley Family Trust,WA GT,7/18/2024,Current,2323,861530737,,Goran Mirosevic,
10550,,HPL Energy Pty Ltd,XES Roof and Frame,WA GT,10/30/2023,Current,,0407 380 866,Caris Aziz,Goran Mirosevic,
8380,,,Bishop,WA GT,,Archived,8380,,Cassandra Palmer,,
3384,,,1st Dibbs,WA GT,21/04/2021,Archived,3384,,Amie Atkinson,,
6649,,,6 Star Electrical & Solar,WA GT,20/11/2019,Archived,6649,0455 559 675,Amie Atkinson,,
710,,The Trustee for A AND C WEST FAMILY TRUST,A and C West Family Trust,WA GT,23/06/2023,Archived,710,417972112,Goran Mirosevic,Goran Mirosevic,
2165,,K.G Cull & A.J McAskil,A McAskil and K Cull Bricklaying,WA GT,13/02/2020,Archived,2165,,Amie Atkinson,Amie Atkinson,
9959,,The Trustee for Gregory Family Trust,A1 Locksmith,WA GT,17/06/2021,Archived,9959,(08) 9535 5951,Amie Atkinson,Murray Wilson,
706,,Aaron Van Dongen,Aaron Van Dongen,WA GT,23/03/2022,Archived,706,0404 324 524,Wayne Hancock,Wayne Hancock,
2744,,,Abbey Beach Resort,WA GT,15/06/2020,Archived,2744,08 9755 4600,Natasha Nardone,Natasha Nardone,
1583,,,ABCO Products - GT Perth,WA GT,23/03/2022,Archived,,1800177399,Chloe Woodgate,Chloe Woodgate,
512,,,ABQ Carpentry,WA GT,23/03/2022,Archived,512,428183779,Paul Bird,Paul Bird,
5742,,,Abstract Carpentry,WA GT,23/03/2022,Archived,5742,,Chloe Woodgate,,
9987,,Access Petrotec Pty Ltd,Access Petrotec & Mining Solutions,WA GT,23/06/2022,Archived,9987,894562025,Monika Southern,Goran Mirosevic,
511,,Ace Electrical & Communication Pty Ltd,Ace Electrical & Communication (GT),WA GT,05/07/2018,Archived,511,895710022,,,
760,,,Ace Electrical & Communication Pty Ltd,WA GT,,Archived,,895710022,Chloe Woodgate,Chloe Woodgate,
6943,,Adco Constructions Pty Ltd,Adco Constructions Pty Ltd,WA GT,21/03/2023,Archived,6943,08 9211 0900,Amie Atkinson,Goran Mirosevic,
6080,,,Admiral Carpentry Services,WA GT,30/03/2022,Archived,6080,,,,
10233,,,ADT Carpentry,WA GT,30/03/2022,Archived,,,Monika Southern,,
5129,,Advanced Residential Technologies Pty,Advanced Residential Technologies Pty GT,WA GT,09/02/2022,Archived,5129,9242 3222,Mark Howe,Mark Howe,
1587,,ADVANCED STRUCTURED CABLING,Advanced Structured Cabling,WA GT,23/03/2022,Archived,1587,439984032,Mark Howe,Mark Howe,
3950,,Advanced Traffic Management ( GT ),Advanced Traffic Management WA Pty Ltd,WA GT,05/12/2022,Archived,3950,08 9274 6300,Natasha Nardone,Natasha Nardone,
1814,,Laserline Enterprise Pty Ltd,Adwest Group,WA GT,23/03/2022,Archived,1814,893022322,,,
6835,,Hoskins Investments pty ltd,AE Hoskins Building Services - GT,WA GT,12/12/2022,Archived,6835,,,,
2557,,Aerison Pty Ltd,Aerison Pty Ltd,WA GT,23/03/2022,Archived,,893525900,Kevin Presenza,Kevin Presenza,
7021,,The Trustee for PAW UNIT TRUST,Affinity Windows,WA GT,30/03/2022,Archived,7021,(08) 9334 4600,,,
1506,,Air Roofing Co Pty Ltd,Air Roofing Co Pty Ltd,WA GT,09/08/2021,Archived,1506,893616088,,,
3597,,AIREFLECT PTY LTD,Aireflect,WA GT,23/03/2022,Archived,3597,0419 936 999,Amie Atkinson,Kevin Presenza,
3329,,Akkadakka Bricklaying,Akkadakka Bricklaying,WA GT,21/03/2023,Archived,3329,,,Murray Wilson,
7072,,MK Cooney Pty Ltd,Albany Carpentry Services,WA GT,27/08/2021,Archived,7072,407448398,Amie Atkinson,,
4121,,Lykke Nominees Pty Ltd,Albany Carpet Court,WA GT,06/08/2021,Archived,4121,08 9842 1211,,,
2020,,,Albany Fine Furniture,WA GT,31/01/2019,Archived,2020,898428555,Andrew Penson,Andrew Penson,
2431,,,Albany Formwork,WA GT,27/02/2018,Archived,2431,9841 5332,Andrew Penson,Andrew Penson,
4836,,Albany Plasterboard Pty Ltd,Albany Plasterboard (GT),WA GT,22/01/2019,Archived,4836,898428448,Andrew Penson,Andrew Penson,
4149,,Albany Plumbing and Gas,Albany Plumbing and Gas,WA GT,16/10/2018,Archived,4149,0409 200 070,Andrew Penson,Andrew Penson,
1687,,,Albany Senior High School,WA GT,06/02/2023,Archived,1687,898410444,Andrew Penson,Andrew Penson,
3249,,St Claire Holdings Pty Ltd & Cunliffe Holdings Pty Ltd,Albany Windows,WA GT,23/10/2020,Archived,3249,898417922,,,
728,,,All Fixed Electrical Pty Ltd,WA GT,23/03/2022,Archived,,409759799,Kevin Presenza,Kevin Presenza,
6375,,,All Go Electrics,WA GT,30/03/2022,Archived,6375,0411 474 929,,,
2224,,All Star Carpentry,All Star Carpentry,WA GT,23/03/2022,Archived,2224,400600340,,,
759,,,Amity Electrical Services Pty Ltd,WA GT,20/02/2018,Archived,759,408092676,Kevin Presenza,Kevin Presenza,
2550,,AKM SUNRISE ELECTRICAL GROUP PTY LTD,"AMPS """"N"""" VOLTS",WA GT,23/06/2023,Archived,2550,447874773,Chloe Woodgate,Kevin Presenza,
3154,,Andrew Fisher Carpentry,Andrew Fisher Carpentry,WA GT,23/03/2022,Archived,3154,,,,
730,,Indelicato Antonio & Angelina,Antonio Indelicato,WA GT,21/04/2021,Archived,,405127173,,,
9889,,,apm,WA GT,,Archived,,,,,
10011,,,apm,WA GT,,Archived,,,,,
10055,,,apm,WA GT,,Archived,,,,,
3435,,Bunbury Water Corporation,Aqwest,WA GT,17/01/2020,Archived,3435,897809526,,,
5709,,Armart (WA) Pty Ltd,Armart (WA) Pty Ltd,WA GT,09/08/2021,Archived,,,Tony Del Borello,Tony Del Borello,
2277,,ARMINDO TILING SERVICES,Armindo Tiling Services (GT),WA GT,09/09/2021,Archived,2277,413734851,Amie Atkinson,Goran Mirosevic,
1512,,,ASER Contracts,WA GT,09/08/2021,Archived,,481538913,Paul Bird,Paul Bird,
4005,,Ashley Laing,Ashley Laing,WA GT,,Archived,4005,427409378,Andrew Penson,Andrew Penson,
1795,,Asset Builders WA PTY LTD,Asset Builders WA (GT),WA GT,23/03/2022,Archived,1795,419956900,,,
2375,,J Endicott Trust,Associated Electrical & Maintenance Services,WA GT,03/07/2023,Archived,2375,894174772,,,
9922,,,atwork,WA GT,,Archived,,,,,
10056,,,atwork,WA GT,,Archived,,,,,
7495,,AUSPAN GROUP,Auspan GT,WA GT,27/07/2020,Archived,,1300271220,Andrew Penson,Andrew Penson,
2141,,Australian Post Tensioning Pty Ltd,AusPT (GT),WA GT,03/10/2018,Archived,,297024557,Tony Del Borello,Tony Del Borello,
2168,,Desmond Family Trust,Aussie Sheds Group,WA GT,27/08/2020,Archived,2168,08 9964 6911,Amie Atkinson,Amie Atkinson,
4897,,Austin Spencer Carpentry,Austin Spencer Carpentry,WA GT,23/03/2022,Archived,4897,,,,
722,,Australian Architect Constructions Pty Ltd,Australian Architect Constructions Pty Ltd,WA GT,23/03/2022,Archived,722,894077779,,,
3881,,S & N Jones Family Trust,AusTrowel,WA GT,20/04/2023,Archived,,0439 971 234,,Natasha Nardone,
741,,,Auswork Bricklaying Services,WA GT,23/03/2022,Archived,,414620988,Wayne Hancock,Wayne Hancock,
2606,,Pledge Holdings Pty Ltd,Auto Elite,WA GT,28/05/2021,Archived,2606,9928611,Amie Atkinson,Amie Atkinson,
43,,,Avant Electrical Services,WA GT,09/08/2021,Archived,43,893613493,Kevin Presenza,,
734,,,Avant Electrical Services,WA GT,,Archived,,893613493,Kevin Presenza,Kevin Presenza,
2054,,Trefel Pty Ltd & Chelasa Pty Ltd,AWP Group,WA GT,06/04/2022,Archived,,896352000,Charlotte Sutton,,
1742,,Axis Plumbing Services WA Pty Ltd,Axis Plumbing (GT),WA GT,21/01/2022,Archived,1742,08 94175133,Paul Bird,Paul Bird,
9762,,The Zerkani Family Trust,AzCom Electrics,WA GT,27/06/2023,Archived,9762,0400 501 618,Monika Southern,Mark Howe,
1517,,,B C Aggiss Roof Carpentry,WA GT,09/08/2021,Archived,,894776881,Tony Del Borello,Tony Del Borello,
3627,,B Cameron Carpentry,B Cameron Carpentry Pty Ltd,WA GT,31/08/2020,Archived,3627,,Chloe Woodgate,Paul Bird,
2462,,B J Hall Carpentry,B J Hall Carpentry,WA GT,09/08/2021,Archived,,,Paul Bird,Paul Bird,
5293,,B&P CARPENTRY,B&P Carpentry,WA GT,23/03/2022,Archived,5293,,,,
711,,Brett Collins family Trust,BA Collins Carpentry Contractors,WA GT,06/04/2022,Archived,711,893398439,,,
712,,,BA Roofing,WA GT,09/08/2021,Archived,712,434630412,Paul Bird,Paul Bird,
3314,,Balance Carpentry Pty Ltd,Balance Carpentry Pty Ltd,WA GT,04/06/2020,Archived,3314,,Chloe Woodgate,Paul Bird,
3199,,AB Electrical pty Ltd,Banks Electrical,WA GT,26/07/2023,Archived,3199,,Monika Southern,,
1689,,,Barry Manester,WA GT,03/08/2017,Archived,,419886932,Andrew Penson,Andrew Penson,
33,,,Basilio Testa,WA GT,09/08/2021,Archived,33,0413 534 375,Tony Harvey,Tony Harvey,
6475,,,Batavia Coral Farm,WA GT,16/04/2020,Archived,6475,0408 950 107,Amie Atkinson,Amie Atkinson,
713,,,BathroomWest PTY LTD,WA GT,,Archived,,894066400,,,
714,,BE & SD Construction,BE & SD Construction,WA GT,23/03/2022,Archived,714,418880958,,,
602,,Benjamin Marc Schmidt,Benjamin Marc Schmidt,WA GT,23/03/2022,Archived,,0438 442 655,Tony Del Borello,Tony Del Borello,
10110,,Mutual Marketplace Pty Ltd,Beyond Bank/Mutual Marketplace,WA GT,16/06/2022,Archived,10110,07 3139 0319,Monika Southern,Murray Wilson,
3781,,BGC Contracting,BGC Contracting-GT,WA GT,23/03/2022,Archived,3781,,,,
9613,,BGIS PTY Ltd,BGIS- PER,WA GT,21/12/2021,Archived,,,,Murray Wilson,
2791,,,Big Red Carpentry,WA GT,23/03/2022,Archived,2791,,Chloe Woodgate,,
2236,,Rick Douglas Sanders,Big Wood Carpentry,WA GT,23/03/2022,Archived,2236,400789652,Paul Bird,Paul Bird,
9215,,The RL & KR Thomson Trust,BK Thomson Electrical Services GT,WA GT,27/06/2023,Archived,9215,429859106,,,
2290,,Black Ant Projects Pty Ltd,Black Ant Projects,WA GT,06/04/2022,Archived,2290,892254609,Tony Del Borello,Tony Del Borello,
717,,Blackford Plastering Contractors,Blackford Plastering Contractors,WA GT,23/03/2022,Archived,717,418912948,,,
716,,,Blaine Skinner,WA GT,09/08/2021,Archived,,428866522,Wayne Hancock,Wayne Hancock,
7383,,,Blu Electrical,WA GT,24/01/2020,Archived,,,,,
3871,,Express Fixing Pty Ltd,Boss Carpentry WA,WA GT,23/03/2022,Archived,3871,,,,
1690,,,Bouwman Constructions,WA GT,24/07/2017,Archived,1690,898482227,Andrew Penson,Andrew Penson,
1691,,Breaksea Electrical,Breaksea Electrical PL,WA GT,17/09/2021,Archived,1691,0419 300 034,,,
8008,,Brett Mather Carpentry,Brett Mather Carpentry,WA GT,06/04/2022,Archived,8008,,,,
1975,,Brett Rice,Brett Rice,WA GT,19/06/2020,Archived,1975,418820088,,,
718,,,Brickfix WA,WA GT,09/08/2021,Archived,,405833402,Daniel Vidovich,Jeff Williams,
1656,,,Brinks Electrical,WA GT,09/08/2021,Archived,,412916549,Kevin Presenza,Kevin Presenza,
6849,,Bubbles Plumbing and Gas Pty Ltd,Bubbles Plumbing and Gas Pty Ltd,WA GT,08/06/2021,Archived,6849,0429 361 391,Amie Atkinson,Amie Atkinson,
1978,,D.J Buckley & M.M Horner,Buckley and Sons Bricklaying,WA GT,03/05/2017,Archived,1978,417959936,,,
3699,,,Budo Group,WA GT,28/09/2021,Archived,3699,,Chloe Woodgate,,
2498,,Bullet Proof Carpentry and Roofing,Bullet Proof Carpentry and Roofing,WA GT,06/04/2022,Archived,2498,,Chloe Woodgate,Paul Bird,
9950,,A.P HINDS & S.L HINDS,Busselton Equipment Hire,WA GT,28/01/2022,Archived,,08 9752 4600,Monika Southern,,
7843,,J NIEBIESZCZANSKI & M.S NIEBIESZCZANSKI,By The Book Bricklaying Contractors,WA GT,23/03/2022,Archived,,,Daniel Vidovich,Tony Del Borello,
2933,,C and J Licastro Carpentry,C&J Licastro Carpentry,WA GT,10/02/2022,Archived,2933,,Amie Atkinson,Amie Atkinson,
746,,CABLELOGIC,Cable Logic Pty Ltd / TEMPO,WA GT,30/06/2019,Archived,746,09 9460 1531,,,
747,,Cable8 Electrical Communications Pty Ltd,Cable8 Electrical Communications,WA GT,28/06/2023,Archived,747,892278800,Kevin Presenza,Kevin Presenza,
2444,,Callan Stephen Jessop,Callan Stephen Jessop,WA GT,09/08/2021,Archived,2444,430262797,Tony Del Borello,Tony Del Borello,
2036,,Callum Robert Blewett,Callum Blewett,WA GT,21/05/2018,Archived,2036,423298899,,,
2231,,"CALVIN""S CARPENTRY",CALVINS CARPENTRY,WA GT,10/06/2020,Archived,2231,422816946,Paul Bird,Paul Bird,
2055,,CAP ROOFING,Cap Roofing Pty Ltd,WA GT,18/10/2018,Archived,2055,412476908,Tony Del Borello,Tony Del Borello,
1898,,Capel Bricklaying Contractors,Capel Bricklaying Contractors,WA GT,21/05/2018,Archived,1898,418572132,,,
2393,,Capella Constructions Pty Ltd,Capella Constructions Pty Ltd,WA GT,23/03/2022,Archived,2393,0438 980 091,Paul Bird,Paul Bird,
1531,,,Capital Recycling,WA GT,23/03/2022,Archived,,892794599,Charlotte Sutton,,
4807,,Carnarvon Community College,Carnarvon Community College,WA GT,02/07/2020,Archived,4807,08 9941 6000,Amie Atkinson,Amie Atkinson,
2993,,Carpentry WA Pty Ltd,Carpentry WA Pty Ltd-GT,WA GT,23/03/2022,Archived,2993,,,,
608,,C.A.S.C. CONSTRUCTIONS PTY. LTD.,CASC (Perth GT),WA GT,23/03/2022,Archived,608,894782922,Paul Bird,Paul Bird,
742,,BA Mence & CL Mence,CBM Carpentry,WA GT,03/02/2023,Archived,742,893046380,Caris Aziz,Goran Mirosevic,
3208,,CC West Pty Ltd,CC West Pty Ltd,WA GT,28/09/2023,Archived,3208,404308346,Goran Mirosevic,Goran Mirosevic,
824,,,CDM Carpentry Pty Ltd,WA GT,14/09/2022,Archived,,438963908,Monika Southern,,
4063,,Centurion Transport CO PTY LTD,Centurion Transport CO PTY LTD - GT,WA GT,06/04/2021,Archived,4063,,,,
2113,,CGS ENGINEERS PTY LTD,CGS Engineers (GT),WA GT,25/09/2020,Archived,2113,898311426,,,
4823,,Chalky's Old Skool Garage GT,Chalky's Old Skool Garage GT,WA GT,05/12/2018,Archived,,0452 442 654,,Paul Bird,
3102,,Character Living Pty Ltd,Character Living-GT,WA GT,24/03/2022,Archived,3102,,Chloe Woodgate,,
2114,,,Chatswood Carpentry GT,WA GT,25/01/2018,Archived,2114,429448524,Andrew Penson,Andrew Penson,
5851,,Chris Da Silva,Chris Da Silva,WA GT,24/10/2022,Archived,5851,,,Murray Wilson,
1527,,Christopher Giblett,Chris Giblett,WA GT,24/03/2022,Archived,1527,404366228,,,
1574,,,Chris Long Carpentry,WA GT,09/08/2021,Archived,,422756377,Paul Bird,Paul Bird,
1573,,CHUDITCH (WA) PTY LTD,Chuditch (Perth GT),WA GT,24/03/2022,Archived,,893362373,Chloe Woodgate,Chloe Woodgate,
2171,,City in Colour Painting and Decorating,City in Colour Painting & Decorating,WA GT,08/06/2021,Archived,2171,0475 915 911,Amie Atkinson,Amie Atkinson,
6745,,Classic Cabinetry (WA) Pty Ltd,Classic Cabinetry (WA) Pty Ltd,WA GT,19/11/2019,Archived,6745,9844 3999,Andrew Penson,Andrew Penson,
1823,,,Clay Townsend,WA GT,09/08/2021,Archived,,417092587,Paul Bird,Paul Bird,
1556,,The trustee for LD Ouwendyk Trust,Clever Carpentry,WA GT,04/08/2021,Archived,1556,439929353,,Goran Mirosevic,
5459,,Clutha Nominees Pty Ltd,Clutha Nominees,WA GT,24/03/2022,Archived,5459,0419 969 604,Chloe Woodgate,,
10573,,CMF Carpentry and Construction,CMF Carpentry and Construction,WA GT,17/06/2023,Archived,,0439 251 181,Caris Aziz,Goran Mirosevic,
2395,,The Trustee for Dunn Family Trust,Coastal Life Construction,WA GT,24/03/2022,Archived,2395,459660404,Tony Harvey,Tony Harvey,
5364,,Cockburn Group Pty Ltd,Cockburn Electrical Company,WA GT,17/03/2022,Archived,5364,(08) 9418 1427,Chloe Woodgate,Kevin Presenza,
8559,,Colab Constructions Pty Ltd,Colab Constructions,WA GT,14/07/2020,Archived,,0439 525 545,Andrew Penson,Debbie Stone,
1507,,,Colins Bricklaying,WA GT,09/08/2021,Archived,,468561018,Tony Del Borello,,
10913,,,ComAp Pty Ltd,WA GT,05/04/2023,Archived,,,Monika Southern,,
2398,,Ponte Diavolo P/L,Command Labour Service GT,WA GT,18/10/2019,Archived,2398,08 9444 0231,Andrew Penson,Andrew Penson,
766,,,Commelec Pty Ltd,WA GT,09/08/2021,Archived,,895245733,Kevin Presenza,Kevin Presenza,
599,,,Commercial and Residential Carpenters,WA GT,09/08/2021,Archived,,0449 881 854,Paul Bird,Paul Bird,
11058,,COMO HOTELS & RESORTS (AUSTRALIA) PTY LTD,Como - The Treasury,WA GT,,Archived,,861687888,Murray Wilson,,
3867,,Complete Consulting Services WA Pty Ltd,Complete Consulting Services WA,WA GT,11/06/2020,Archived,3867,,Tony Del Borello,Tony Del Borello,
2487,,Complete Electrical Energy Solutions Pty Ltd,Complete Energy Solutions (GT),WA GT,27/06/2023,Archived,2487,0420 819 850,Chloe Woodgate,Kevin Presenza,
1884,,Complex Ceilings Pty Ltd,Complex Ceilings Pty Ltd GT,WA GT,24/03/2022,Archived,1884,419045674,,,
1994,,,Complex Roofing & Maintenance,WA GT,24/03/2022,Archived,,94592414,Tony Del Borello,Tony Del Borello,
748,,J A Curtis Pty Ltd,Comspark (GT),WA GT,27/06/2023,Archived,748,863367210,Kevin Presenza,Kevin Presenza,
6335,,Treeview Holdings Pty Ltd,Concept Cabling Services - GT,WA GT,27/06/2023,Archived,6335,892278500,,,
2169,,LLEWYN MICHEAL CONNOLLY,Connolly Creative Building Co,WA GT,14/06/2021,Archived,2169,429105785,Amie Atkinson,Amie Atkinson,
1549,,,Construction Carpentry,WA GT,09/08/2021,Archived,,401685778,,,
2188,,The trustee for The Conway Family Trust,Conway WA Pty Ltd,WA GT,13/02/2020,Archived,2188,08 9964 9283,Amie Atkinson,Amie Atkinson,
2377,,Coral Coast Homes WA Pty Ltd,Coral Coast Homes WA Pty Ltd,WA GT,14/06/2021,Archived,2377,08 9964 3330,Amie Atkinson,Amie Atkinson,
737,,"LETCH, COREY JOHN",Corey John Letch (GT),WA GT,24/03/2022,Archived,737,437776626,,,
2126,,,Corfield Roofing - Leathley Trust,WA GT,24/03/2022,Archived,2126,893989553,Tony Harvey,Tony Harvey,
9349,,"CLOHESSY, JARRAD R S",Countrywide Carpentry Services,WA GT,01/10/2020,Archived,9349,0406 724 436,Goran Mirosevic,Goran Mirosevic,
4967,,Cowaramup Auto Tech,Cowaramup Auto Tech,WA GT,22/08/2019,Archived,4967,,Laura Grogan,Laura Grogan,
2739,,Cowcher Carpentry,Cowcher Carpentry,WA GT,15/08/2017,Archived,2739,415139962,Andrew Penson,Andrew Penson,
2267,,Craig R Hampson,Craig R Hampson,WA GT,24/03/2022,Archived,2267,418954721,,,
5859,,Creed Carpentry WA Pty Ltd,Creed Carpentry,WA GT,24/03/2022,Archived,5859,,Chloe Woodgate,,
2725,,Crothers Construction Pty Ltd,Crothers Construction-GT,WA GT,05/01/2023,Archived,2725,08 9964 2700,Amie Atkinson,Amie Atkinson,
3286,,Crown Construction Services Unit Trust,Crown Construction Services PTY LTD,WA GT,19/09/2022,Archived,3286,08 9443 9711,,Goran Mirosevic,
896,,Cubic Interiors Pty Ltd,Cubic Interiors,WA GT,,Archived,,08 6212 5000,,,
1785,,Custom Balustrading Pty Ltd,Custom Timber Works,WA GT,07/08/2020,Archived,1785,412902337,Goran Mirosevic,Goran Mirosevic,
2283,,,D & K Puls Pty Ltd (GT),WA GT,12/10/2017,Archived,,439423337,Andrew Penson,Andrew Penson,
594,,,D & L Plastering,WA GT,09/08/2021,Archived,,419939748,Tony Harvey,Tony Harvey,
2237,,Gates Family Trust T/A D & S Ceilings,D & S Ceilings,WA GT,09/08/2021,Archived,,404097588,,,
9125,,I and DM Pickersgill Carpentry,D.M PICKERSGILL & I PICKERSGILL,WA GT,19/06/2021,Archived,9125,409821155,Jodie Cleverly,,
1885,,Daly & Shaw Builders Pty Ltd,Daly & Shaw Builders Pty Ltd,WA GT,24/03/2022,Archived,1885,94973484,Paul Bird,Paul Bird,
1546,,,Daniel Chidlow Carpentry,WA GT,09/08/2021,Archived,,,Tony Del Borello,Tony Del Borello,
1845,,"JEFFREY, DANIEL JAMES",Daniel James Jeffrey,WA GT,09/08/2021,Archived,1845,409100713,Tony Del Borello,Tony Del Borello,
1575,,,Darren James Bricklaying Pty Ltd,WA GT,09/08/2021,Archived,,404954580,Wayne Hancock,Wayne Hancock,
4644,,Darryl Robinson Plumbing,Darryl Robinson Plumbing,WA GT,09/11/2018,Archived,4644,407413973,Andrew Penson,Andrew Penson,
2354,,,David Bruning,WA GT,02/04/2017,Archived,2354,0408 940 806,Andrew Penson,Andrew Penson,
2163,,Dawn Contracting Pty Ltd,Dawn Contracting Pty Ltd,WA GT,13/02/2020,Archived,2163,408943691,Amie Atkinson,Amie Atkinson,
2223,,,DBM Carpentry,WA GT,09/08/2021,Archived,,420410126,Tony Del Borello,Tony Del Borello,
6286,,Jason Gradus Polman,DC Carpentry & Home Maintenance,WA GT,24/03/2022,Archived,6286,412999602,Chloe Woodgate,,
1856,,DCL Contracting Group Pty Ltd,DCL Contracting Group Pty Ltd,WA GT,24/03/2022,Archived,1856,434331112,Paul Bird,Paul Bird,
2432,,DESIGN & CONSTRUCT MECHANICAL SERVICES PTY. LTD.,DCM Services (Perth GT),WA GT,27/06/2023,Archived,2432,0435 969 298,Chloe Woodgate,Kevin Presenza,
9463,,Delaporte Constructions Pty Ltd,Delaporte Constructions Pty Ltd,WA GT,02/02/2021,Archived,9463,401917728,,Goran Mirosevic,
2459,,Devine Carpentry Pty Ltd,Devine Carpentry Pty Ltd,WA GT,24/03/2022,Archived,2459,0450 983 293,Chloe Woodgate,Paul Bird,
2839,,,Devpro Unit Developments,WA GT,15/01/2019,Archived,2839,0498 882 221,Amie Atkinson,Amie Atkinson,
1672,,,Dextel,WA GT,09/08/2021,Archived,,414464675,Kevin Presenza,Kevin Presenza,
2210,,"Price, David Gareth",DGP Building Services,WA GT,24/03/2022,Archived,2210,411026038,Wayne Hancock,Wayne Hancock,
1908,,Dingo Contractors Pty Ltd,Dingo Contractors Pty Ltd,WA GT,11/06/2020,Archived,1908,407512820,Tony Del Borello,Tony Del Borello,
2166,,CM SEPPALA & JD SEPPALA,DJ & CM Seppala,WA GT,03/06/2020,Archived,2166,899231119,Amie Atkinson,Amie Atkinson,
2400,,,DJL Electrical,WA GT,28/06/2023,Archived,2400,0408 239 142,Andrew Penson,Andrew Penson,
2374,,The Trustee for BROOKLAND FAMILY TRUST,D-Lux Interiors Custom Carpentry,WA GT,30/11/2022,Archived,2374,412557216,,Christopher Moore,
498,,,DM & GR Hutchin,WA GT,09/08/2021,Archived,498,0478 620 013,Wayne Hancock,,
1661,,Mellidis Constructions,DnJ Carpentry,WA GT,06/01/2021,Archived,1661,410991818,,,
3704,,Cumbertronics Pty Ltd,Dongara Drilling & Electrical,WA GT,08/07/2020,Archived,3704,,Amie Atkinson,Amie Atkinson,
4106,,,D-Trans,WA GT,11/02/2019,Archived,4106,,Amie Atkinson,Amie Atkinson,
2258,,The Trustee for L & D Dixon Family Trust,DXN BRICKLAYING,WA GT,09/08/2021,Archived,2258,430059721,Wayne Hancock,Wayne Hancock,
5135,,Dynamic Group Communication & Electrical,Dynamic Group Communication & Electrical,WA GT,24/03/2022,Archived,5135,9571 0022,,,
3100,,Dynamite Concrete Pty Ltd,Dynamite Concrete Pty Ltd,WA GT,08/05/2020,Archived,3100,,,,
2069,,The Trustee for Dyson Contracting Trust,Dyson Contracting,WA GT,28/09/2021,Archived,2069,438903975,Tony Del Borello,Tony Del Borello,
1532,,E & M Electrical Pty Ltd,E & M Electrical GT,WA GT,28/06/2023,Archived,1532,415942820,,,
1544,,,E.M.S Construction,WA GT,,Archived,,435476835,Tony Harvey,,
2167,,Eastough Constructions Unit Trust,Eastough Construction,WA GT,13/02/2020,Archived,2167,899218457,Amie Atkinson,Amie Atkinson,
592,,ECR Australia Pty Ltd,ECR Australia (Perth GT),WA GT,28/06/2023,Archived,592,0437 423 528,Kevin Presenza,Kevin Presenza,
2185,,Effex Tiling,Effex Tiling,WA GT,24/03/2022,Archived,2185,421119016,,,
6136,,The trustee for Lightman Family TrustElectronica home theatre installations,Electronica Automation,WA GT,28/06/2023,Archived,6136,419908344,,Mark Howe,
1844,,,Electrotech Cabling Solutions,WA GT,09/08/2021,Archived,,419785850,Kevin Presenza,Kevin Presenza,
1614,,,Element Plumbing & Gas GT,WA GT,24/03/2022,Archived,1614,439099048,Tony Harvey,Tony Harvey,
6848,,Elite Decking & Carpentry,Elite Decking & Carpentry,WA GT,22/01/2021,Archived,6848,405556250,,Goran Mirosevic,
724,,"Pengilly, Chayse Harding",Elite Electrical,WA GT,09/08/2021,Archived,724,438669696,Kevin Presenza,Kevin Presenza,
2161,,Elite Electrical Contracting Pty Ltd,Elite Electrical Contracting Pty Ltd,WA GT,31/12/2021,Archived,2161,899214061,Amie Atkinson,Amie Atkinson,
2358,,Santa Cruz (WA) Pty Ltd,Empire Catering & Events (GT Perth),WA GT,09/08/2021,Archived,,,Chloe Woodgate,Chloe Woodgate,
1792,,"Brasier, Peter Gerard",Endeavour Ceilings,WA GT,24/03/2022,Archived,1792,894433083,Tony Del Borello,Tony Del Borello,
532,,BK & KL SCRIVEN PTY LTD,Endurance Carpentry,WA GT,23/04/2021,Archived,532,439923221,Paul Bird,Paul Bird,
2228,,Ernie Van Dongen,Ernie Van Dongen,WA GT,09/08/2021,Archived,2228,423980558,,,
1582,,Ertech Pty Ltd,Ertech,WA GT,09/08/2021,Archived,,893026666,Charlotte Sutton,,
6404,,Erudition Electrical Solutions Pty ltd,Erudition Electrical Solutions,WA GT,24/03/2022,Archived,6404,416285916,Chloe Woodgate,Kevin Presenza,
5850,,Acrebay Pty Ltd,Essential Cabling,WA GT,27/06/2023,Archived,5850,894141961,,,
3529,,Collee Investments P/L,Essential Refrigeration Services - GT,WA GT,28/06/2023,Archived,3529,95820336,Chloe Woodgate,,
9885,,"ESSLEMONT, DANIEL",Esslemont Electrical,WA GT,28/06/2023,Archived,9885,0424 166 123,Monika Southern,Mark Howe,
2259,,EVA'BUILT CONSTRUCTION,Eva'Built Constructions,WA GT,24/03/2022,Archived,2259,407445317,,,
2262,,Evolution Building Pty Ltd,Evolution Building Pty Ltd,WA GT,24/03/2022,Archived,2262,408008075,Paul Bird,Paul Bird,
1552,,,Ewen Construction PTY LTD,WA GT,24/03/2022,Archived,,438700803,Tony Del Borello,Tony Del Borello,
516,,T Bridges & D.S Schachner,F.B.F Bricklaying,WA GT,24/03/2022,Archived,516,0422 654 052,Wayne Hancock,Wayne Hancock,
2757,,FAIRBRIDGE WESTERN AUSTRALIA INC,Fairbridge Western Australia-GT,WA GT,24/03/2022,Archived,2757,,Chloe Woodgate,,
1819,,,FCL Construction Pty Ltd,WA GT,10/08/2021,Archived,,94545237,Wayne Hancock,Wayne Hancock,
4784,,Allfield Refrigeration And Mechanical Services,FD Refrigeration GT,WA GT,24/03/2022,Archived,4784,,Chloe Woodgate,Kevin Presenza,
2121,,Fenlon Formworks Pty Ltd,Fenlon Formworks Pty Ltd,WA GT,10/08/2021,Archived,2121,438910292,Tony Del Borello,Tony Del Borello,
7847,,FG Cranes pty ltd,FG Cranes,WA GT,25/03/2020,Archived,,08 9349 5001,,,
2621,,,Find A Gem,WA GT,17/01/2019,Archived,2621,0428 220 026,Amie Atkinson,Amie Atkinson,
1854,,FINEFORM CONCRETE PTY LTD,Fineform Concrete,WA GT,30/03/2021,Archived,1854,93585659,Goran Mirosevic,Goran Mirosevic,
5044,,First Resource Principle,First Resource Principle GT,WA GT,24/03/2022,Archived,5044,0415 443 260,,,
1907,,,Fleetys Roofing Services Pty Ltd,WA GT,24/03/2022,Archived,,433386281,Tony Del Borello,Tony Del Borello,
1584,,Floorwise Pty Ltd,Floorwise Pty Ltd - GT,WA GT,24/03/2022,Archived,,892006288,Charlotte Sutton,,
761,,Fly Industries,Fly Industries (GT),WA GT,28/06/2023,Archived,761,428883380,,,
9938,,FMR Investments Pty Ltd,FMR Investments,WA GT,10/11/2022,Archived,,08 6216 5400,Monika Southern,Goran Mirosevic,
770,,,Focussed Electrical Solutions,WA GT,24/03/2022,Archived,,467793383,Kevin Presenza,Kevin Presenza,
823,,Foreshore Electrics,Foreshore Electrics,WA GT,28/06/2023,Archived,823,419956813,Kevin Presenza,Kevin Presenza,
4067,,Formwest WA PTY LTD,Formwest,WA GT,10/08/2021,Archived,4067,08 95929536,Chloe Woodgate,Tony Del Borello,
3853,,Fourie Electrical WA,Fourie Electrical WA- GT,WA GT,28/06/2023,Archived,,,Chloe Woodgate,,
5395,,,Fox Transportables,WA GT,24/03/2022,Archived,5395,,Chloe Woodgate,Paul Bird,
5564,,Francisco Corporation PTY LTD,Francisco Electrical Services,WA GT,24/03/2022,Archived,5564,,Chloe Woodgate,Kevin Presenza,
2463,,FUGRO AUSTRALIA MARINE PTY LTD,FUGRO TSM PTY LTD (GT),WA GT,10/10/2019,Archived,2463,08 9218 2000,,,
2574,,G.A KEOGH & M.L Keogh,GA & ML Keogh,WA GT,24/03/2022,Archived,2574,,Paul Bird,Paul Bird,
6703,,Garraway Plumbing,Garraway Plumbing,WA GT,11/11/2019,Archived,6703,418930645,Amie Atkinson,Amie Atkinson,
1698,,,GB Marine,WA GT,08/02/2021,Archived,1698,898429989,,,
2001,,GECKO ELECTRICAL SERVICES WA PTY LTD,Gecko Electrical Services,WA GT,24/03/2022,Archived,2001,894349868,,,
1606,,Geographe Drainage,Geographe Drainage,WA GT,18/10/2018,Archived,1606,897951501,,,
2071,,Geraldton Auto Sales PTY LTD,Geraldton Auto Wholesalers,WA GT,29/06/2020,Archived,2071,899642323,Amie Atkinson,Amie Atkinson,
2157,,GERALDTON BUILDING SERVICES & CABINETS PTY LTD,Geraldton Building Services & Cabinets,WA GT,28/10/2022,Archived,2157,899234000,Amie Atkinson,Amie Atkinson,
5117,,Geraldton Carpentry & Metal Roofing,Geraldton Carpentry & Metal Roofing,WA GT,27/08/2021,Archived,5117,0428 214 184,Amie Atkinson,,
2160,,Daniel Jack Prout,Geraldton Carpentry & Patio,WA GT,01/10/2019,Archived,2160,428214184,Amie Atkinson,Amie Atkinson,
2172,,Business name(s) help Business name From GERALDTON LOCK & KEY SPECIALISTS,Geraldton Lock and Key,WA GT,19/02/2019,Archived,2172,,Amie Atkinson,Amie Atkinson,
7785,,Geraldton Mower & Repair Specialist,Geraldton Mower & Repair Specialist,WA GT,12/06/2020,Archived,,08 9964 4036,Amie Atkinson,Amie Atkinson,
2349,,The Trustee for Heatherley Family Trust,GForce Roofing & Construction Pty Ltd,WA GT,28/03/2022,Archived,2349,-,Tony Del Borello,Tony Del Borello,
1702,,,Gideon Mettam,WA GT,11/01/2018,Archived,1702,405548425,Andrew Penson,Andrew Penson,
4145,,Gilkes David,Gilkes Bricklaying Services,WA GT,28/03/2022,Archived,4145,498116067,Chloe Woodgate,Tony Harvey,
541,,G N CONSTRUCTION (AUST) PTY LTD,GN Construction GT,WA GT,02/12/2020,Archived,541,93499800,,,
729,,The Trustee for THE YOUNG FAMILY TRUST,Golden State Plumbing,WA GT,05/07/2022,Archived,729,893317771,,,
1902,,GOLDEN WEST PLUMBING AND DRAINAGE,Golden West Plumbing and Drainage,WA GT,22/05/2018,Archived,1902,897913150,,,
5182,,FMR Investments Pty Ltd,Gordon Sirdar,WA GT,21/02/2019,Archived,5182,,,,
1104,,,Gramercy Bar & Kitchen,WA GT,10/08/2021,Archived,1104,93858156,,,
6378,,GRAMS,GRAMS,WA GT,19/05/2020,Archived,6378,08 9956 6555,Amie Atkinson,Amie Atkinson,
533,,Lachlan Street,Grand Heights Construction,WA GT,27/04/2022,Archived,,0406 548 193,,Goran Mirosevic,
739,,,Grand Heights Construction,WA GT,28/02/2018,Archived,,406548193,,Paul Bird,
4804,,GRANNY GLASGOW EDUCATION AND CARE INC,Granny Glasgow Day Care Centre - CNVN,WA GT,13/02/2020,Archived,4804,,Amie Atkinson,Amie Atkinson,
2135,,Greenmount Concrete Pty Ltd,Greenmount Concrete Pty Ltd (GT),WA GT,30/06/2023,Archived,2135,403253703,Goran Mirosevic,Goran Mirosevic,
1905,,GREEN-SHORE BUILDERS PTY LTD,Green-Shore Builders,WA GT,22/05/2020,Archived,1905,92486122,,,
735,,"GALE, GREGORY CHARLES",Greg Gale,WA GT,10/08/2021,Archived,735,411981755,Wayne Hancock,Wayne Hancock,
9032,,Greg Hextall,Greg Hextall,WA GT,10/07/2020,Archived,,0412 112 855,,,
723,,GREG LAWRENCE BRICKLAYING,Greg Lawrence Bricklaying,WA GT,28/03/2022,Archived,723,861960052,,,
1703,,"RIEDYK, GREGORY DEAN",Gregory Riedyk,WA GT,28/01/2021,Archived,1703,898416241,,,
538,,G.W OVENS & N OVENS,Gun Carpentry,WA GT,28/03/2022,Archived,538,419199059,,,
1607,,H MAC ROOFING DESIGN,H Mac Roofing Design,WA GT,30/04/2022,Archived,1607,894056676,,,
1843,,,Hallmark Developments WA Pty Ltd,WA GT,10/08/2021,Archived,1843,94086399,Paul Bird,Paul Bird,
523,,Hammerdown Carpentry and Maintenance pty ltd,Hammerdown Carpentry,WA GT,12/05/2020,Archived,523,412099348,,,
10167,,Hanson Construction Materials Pty Ltd,Hanson Construction,WA GT,01/01/2023,Archived,10167,08 9311 8811,,,
3521,,Hanssen Pty Ltd,HANSSEN PTY. LTD (GT),WA GT,28/03/2022,Archived,3521,08 6218 3800,,,
519,,DC & JL HARDERS F/T AND MJ HARDERS F/T,Harders Roofing,WA GT,10/08/2021,Archived,519,9453 3263,Paul Bird,Paul Bird,
1534,,HARDINGE HOMES PTY LTD,HARDINGE HOMES (GT),WA GT,28/03/2022,Archived,1534,468561018,Tony Del Borello,Tony Del Borello,
4623,,Hardys Carpentry Services,Hardys Carpentry Services,WA GT,10/08/2021,Archived,4623,,Tony Del Borello,Tony Del Borello,
9656,,Hender Lee Electrical & Instrumentation,Hender Lee Electrical & Instrumentation,WA GT,19/03/2021,Archived,,,,Mark Howe,
515,,High Spec Construction WA,High Spec Construction WA,WA GT,28/03/2022,Archived,515,402304161,,,
10194,,Highline Walls and Ceilings Pty Ltd,Highline Walls and Ceilings,WA GT,,Archived,,0413 169 924,Monika Southern,,
2235,,"BURGHALL, BRENT",Highside Carpentry,WA GT,28/03/2022,Archived,2235,408927222,Paul Bird,Paul Bird,
2385,,Highstyle Carpentry,Highstyle Carpentry,WA GT,01/09/2020,Archived,2385,,Goran Mirosevic,Goran Mirosevic,
1536,,KAH(WA) pty ltd,Hoes Electrical Contractors,WA GT,15/06/2022,Archived,1536,94141622,,,
2015,,HOLLIS CONSTRUCTIONS (1987) PTY LTD,Hollis Construction 1987 A/C Pty Ltd,WA GT,28/03/2022,Archived,2015,412923672,Tony Harvey,Tony Harvey,
9348,,Bradley Davis Hook t/a Hook Homes,Hook Homes,WA GT,06/10/2020,Archived,,408934859,,,
518,,THE TRUSTEE FOR THE TP TRUST TRADING AS HOWZ THAT,HOWZ THAT PTY LTD ATFT TP TRUST,WA GT,10/08/2021,Archived,,424828743,Paul Bird,Paul Bird,
9929,,I A & E MCMAHON,IAE Painting,WA GT,28/08/2023,Archived,,0407 448 745,Monika Southern,Murray Wilson,
2317,,ICON ELECTRICAL & AIR PTY LTD,Icon Electrical and Air,WA GT,28/06/2023,Archived,2317,413551491,Kevin Presenza,Kevin Presenza,
6946,,IKD Interiors and Commercial Fitouts PTY LTD,IKD Interiors,WA GT,02/02/2021,Archived,6946,,,Goran Mirosevic,
5108,,IMPACT Services Pty Ltd,IMPACT Services (GT),WA GT,27/11/2020,Archived,5108,(08) 9892 7444,,,
8317,,Incite Security Pty Ltd,Incite Security Pty Ltd,WA GT,25/08/2020,Archived,8317,08 9964 7870,Amie Atkinson,Amie Atkinson,
2093,,Indigo Electronics Pty Ltd,Indigo Electronics Pty Ltd,WA GT,18/02/2019,Archived,2093,0423 603 187,Amie Atkinson,Amie Atkinson,
2245,,"CHETWYND, AARON MARCHANT",Insight Decking & Carpentry (GT),WA GT,17/10/2022,Archived,2245,895230304,,,
2229,,INTERSTRUCT WA PTY LTD,INTERSTRUCT CEILINGS GT,WA GT,28/03/2022,Archived,2229,892408257,Tony Del Borello,Tony Del Borello,
2018,,,Ironmonger Building Company,WA GT,29/01/2021,Archived,2018,898414479,,,
4049,,Italian Gurus Pty Ltd,Ischia,WA GT,28/03/2022,Archived,4049,,Chloe Woodgate,,
1834,,B.D BUTTERLY & J.L BUTTERLY,Island Bricklaying,WA GT,28/03/2022,Archived,1834,895356969,,,
4697,,Ital Cabinets Pty Ltd,Ital Cabinets (GT),WA GT,16/11/2018,Archived,4697,08 9303 9106,Andrew Penson,,
8633,,Castlehow Nominees,J & S Castlehow Electrical Services,WA GT,26/08/2020,Archived,,08 9841 4888,,,
2174,,JA & JA Seppala,JA & JA Seppala,WA GT,05/10/2020,Archived,2174,,Amie Atkinson,Amie Atkinson,
2246,,Jacksons Roofing,Jacksons Roofing,WA GT,28/03/2022,Archived,2246,417854630,Paul Bird,Paul Bird,
2843,,James Groom Building Pty Ltd,James Groom Building Pty Ltd,WA GT,30/11/2020,Archived,2843,0429 643 812,Amie Atkinson,Amie Atkinson,
2265,,JAMES ROBERTS PTY LTD,James Roberts,WA GT,28/03/2022,Archived,2265,433214427,Tony Del Borello,Tony Del Borello,
8445,,Jayden Whale Carpentry,Jayden Whale Carpentry,WA GT,28/07/2020,Archived,8445,,Goran Mirosevic,Goran Mirosevic,
1540,,JDA Bricklaying,JDA Bricklaying,WA GT,28/03/2022,Archived,1540,,Wayne Hancock,Wayne Hancock,
568,,CHANGJO PTY LTD,Jeff Dial Constructions,WA GT,18/11/2020,Archived,568,0418 912 874,Murray Wilson,Murray Wilson,
10228,,Grade Pine Society Pty Ltd,Jerem Construction,WA GT,11/04/2022,Archived,,0450 798 148,Caris Aziz,Goran Mirosevic,
1810,,The Trustee for Clough Family Trust,Jims Building Maintenance,WA GT,10/08/2021,Archived,1810,467070895,Tony Harvey,Tony Harvey,
10093,,Joseph Hardinge,JMH Brickworks,WA GT,18/10/2021,Archived,,0408 662 184,Monika Southern,Murray Wilson,
2511,,J&L Hirst Pty Ltd,JMH Group,WA GT,26/08/2021,Archived,2511,08 9935 9350,Amie Atkinson,Amie Atkinson,
2563,,JMR Cabling Solutions,JMR Cabling Solutions (GT),WA GT,10/08/2021,Archived,,,Kevin Presenza,Kevin Presenza,
5783,,Joel Jai Fryer,Joel Jai Fryer,WA GT,30/06/2021,Archived,5783,414420029,,Murray Wilson,
2207,,JOHN ALDER,John Alder,WA GT,09/04/2020,Archived,2207,417928603,,,
2007,,John Bartlett Electrical Pty Ltd,John Bartlett Electrical Pty Ltd,WA GT,28/03/2022,Archived,2007,893371534,,,
9219,,Jones Carpentry & Building,Jones Carpentry & Building,WA GT,22/09/2020,Archived,,na,Murray Wilson,Murray Wilson,
2327,,"DOUGLAS, JOSHUA",Josh Douglas,WA GT,28/03/2022,Archived,2327,404767217,Tony Del Borello,Tony Del Borello,
743,,"SMITH-INCE, JOSHUA",Josh's Bricklaying,WA GT,10/08/2021,Archived,,422029235,,Tony Del Borello,
1787,,JS ELECTRICAL SERVICES PTY LTD,JS Electrical Services Pty Ltd,WA GT,28/06/2023,Archived,1787,401096119,,,
704,,"CLARKE, JULIAN",Julian Clarke,WA GT,10/08/2021,Archived,704,417973982,Wayne Hancock,Wayne Hancock,
9641,,Justin James Butler,Jura Carpentry Services,WA GT,12/07/2022,Archived,,0438 004 718,Goran Mirosevic,Goran Mirosevic,
1838,,"MACKEAN, JUSTIN",Justin MacKean,WA GT,28/03/2022,Archived,1838,400205692,Paul Bird,Paul Bird,
7233,,Just-In-TImber pty ltd,Just-In-TImber,WA GT,07/02/2020,Archived,,,,,
2356,,The trustee for the Jaime Cragan Family Trust,JW & AK Cragan Bricklaying Pty Ltd,WA GT,13/02/2020,Archived,2356,899653949,Amie Atkinson,Amie Atkinson,
1588,,JWS CARPENTRY,JWS Carpentry,WA GT,28/03/2022,Archived,1588,93995062,Tony Del Borello,Tony Del Borello,
2049,,The Trustee for KELVIN CASTLEHOW FAMILY TRUST,K & T Castlehow Builders (GT),WA GT,23/02/2018,Archived,2049,898423230,Andrew Penson,Andrew Penson,
3795,,K & TM Lee Bricklaying,K & TM Lee Bricklaying,WA GT,28/03/2022,Archived,3795,,Chloe Woodgate,Wayne Hancock,
1708,,,Kaj Nielsen,WA GT,20/02/2019,Archived,1708,898447843,Andrew Penson,Andrew Penson,
2274,,Kevin Charles Bingham,KCB Bricklaying,WA GT,28/10/2021,Archived,2274,410274101,Murray Wilson,Murray Wilson,
2176,,The J Kelly Family Trust,Kelly's Truck and Marine Service,WA GT,13/02/2020,Archived,2176,899643444,Amie Atkinson,Amie Atkinson,
749,,KEYLINE INDUSTRIES PTY LTD,Keyline Industries Pty Ltd,WA GT,28/03/2022,Archived,749,893302500,,,
2513,,Keystone Building and Developments Pty Ltd,Keystone Building and Developments Pty Ltd,WA GT,28/03/2022,Archived,2513,08 9379 1442,Tony Del Borello,Tony Del Borello,
5739,,Keza WA Pty Ltd,Keza WA Pty Ltd,WA GT,03/06/2020,Archived,5739,427559041,Chloe Woodgate,,
593,,KFORM CONTRACTING PTY LTD,KForm Contracting Pty Ltd,WA GT,10/08/2021,Archived,593,0450 342 537,,,
2219,,KG Hastie,KG Hastie (GT),WA GT,26/02/2020,Archived,2219,427448455,Andrew Penson,Andrew Penson,
3753,,baking family trust,Kingas Carpentry Services Pty Ltd,WA GT,28/03/2022,Archived,3753,427833427,,,
2446,,The Trustee for Sisley Family Trust,Kingdom Property Solutions Pty Ltd,WA GT,28/03/2022,Archived,2446,,,,
1710,,,Kinnear Bros,WA GT,30/11/2020,Archived,1710,08 9842 15754,,,
1801,,K.J NEWNHAM & R.J NEWNHAM,KJ Newnham & RJ Newnham,WA GT,28/03/2022,Archived,1801,405613000,Wayne Hancock,Wayne Hancock,
2502,,K MARTIN & O.T MARTIN,KJV Carpentry,WA GT,30/11/2022,Archived,2502,422140711,Goran Mirosevic,Goran Mirosevic,
6339,,KP Electric (Australia) PTY LTD,KP Electric,WA GT,30/11/2022,Archived,6339,08 9460 1522,,Mark Howe,
708,,Kwik Stix Carpentry Pty Ltd,Kwik Stix Carpentry,WA GT,28/03/2022,Archived,708,0419 114 589,,,
2392,,L P HARVEY ROOFING,L P Harvey Roofing,WA GT,28/03/2022,Archived,2392,401178018,Tony Del Borello,Tony Del Borello,
9981,,The trustee for Larner Family Trust,Larners Roof Carpentry (GT),WA GT,30/11/2021,Archived,,0402 675 459,Clementine Elia,Goran Mirosevic,
4780,,Larsens Refrigeration & Airconditiong,Larsens Refrigeration & Airconditiong,WA GT,28/03/2022,Archived,4780,,Chloe Woodgate,,
6297,,LCB Electrics Pty Ltd,LCB Electrics Pty Ltd,WA GT,28/06/2023,Archived,6297,4181722235,,,
769,,,LCMG Electrical,WA GT,02/12/2019,Archived,769,895254636,,Kevin Presenza,
1535,,"MACKENZIE, BRENNAN JOHN",Leschenault Carpentry,WA GT,28/03/2022,Archived,1535,427795690,Paul Bird,Paul Bird,
1550,,LG Roofing,LG Roofing,WA GT,19/01/2021,Archived,1550,407388089,Goran Mirosevic,Goran Mirosevic,
9055,,Liam Tennick Carpentry,Liam Tennick Carpentry,WA GT,28/01/2021,Archived,,404199930,Goran Mirosevic,Goran Mirosevic,
1611,,Lighthouse Keeper Pty Ltd,Lighthouse Quality Hotel - Bunbury GT,WA GT,06/08/2019,Archived,1611,97812700,,,
8888,,Linwood Electrical,Linwood Electrical,WA GT,29/06/2023,Archived,8888,,,,
2032,,Christopher John Liprino,LIPRINO'S PAINTING SERVICE,WA GT,09/03/2020,Archived,2032,409205335,Amie Atkinson,Amie Atkinson,
2440,,LIVE N UP ELECTRICAL,Live N Up Electrical,WA GT,28/06/2023,Archived,2440,419933715,Kevin Presenza,Kevin Presenza,
10051,,LMH Builders PTY LTD,LMH Builders,WA GT,30/08/2021,Archived,,0409 145 610,,Goran Mirosevic,
3096,,The trustee for The Bell Family Trust,Lone Wolf Electrical,WA GT,28/03/2022,Archived,3096,0402 621 208,,,
2501,,LUKE EDWARDS,LUKE EDWARDS,WA GT,10/08/2021,Archived,2501,424773166,Chloe Woodgate,Tony Harvey,
9271,,LKM Family Trust - Luke Edwards,Luke Edwards,WA GT,02/02/2021,Archived,9271,424773166,,,
2309,,Luke Reid,Luke Reid - GT,WA GT,31/10/2021,Archived,2309,417174122,,,
2136,,THE LYON FAMILY TRUST,Lyon Contracting Pty Ltd,WA GT,10/08/2021,Archived,2136,418914746,Tony Del Borello,Tony Del Borello,
8959,,M and A Pinho Building,M and A Pinho Building,WA GT,20/08/2020,Archived,,,,,
8272,,M Construction (WA) Pty Ltd,M Construction (WA) Pty Ltd,WA GT,17/09/2020,Archived,,08 6380 0444,,,
2164,,M SCOBLE CARPENTRY PTY LTD,M Scoble Carpentry Pty Ltd,WA GT,28/03/2022,Archived,2164,418907266,Tony Del Borello,Tony Del Borello,
4084,,M.Mackenzie & P.S.Southworth,M.Mackenzie & P.S.Southworth,WA GT,28/03/2022,Archived,4084,,Paul Bird,Paul Bird,
1542,,"PENGILLY, MICHAEL TERENCE",Maintenance Electrical Trades Services,WA GT,29/03/2022,Archived,1542,418918000,Kevin Presenza,Kevin Presenza,
6022,,,Martin Painting,WA GT,08/08/2019,Archived,6022,,Chloe Woodgate,,
9897,,,matchworks,WA GT,,Archived,9897,,,,
10057,,,matchworks,WA GT,,Archived,10057,,,,
2238,,"GANGELL, MATTHEW GLYNN",Matthew Gangell,WA GT,12/01/2021,Archived,2238,430099368,,,
10053,,,max employment,WA GT,,Archived,,,,,
595,,,Mayvis Electrical,WA GT,31/10/2017,Archived,,08 9302 6455,Kevin Presenza,,
2115,,Mayvis Electrical,Mayvis Electrical (ALB-GT),WA GT,31/10/2017,Archived,,893026455,Andrew Penson,Andrew Penson,
4656,,McAullay Builders Pty Ltd,McAullay Builders Pty Ltd,WA GT,01/10/2019,Archived,4656,,Amie Atkinson,Amie Atkinson,
2057,,McCabe Family Trust,McCabe Carpentry,WA GT,25/05/2023,Archived,2057,410056005,Amie Atkinson,Amie Atkinson,
10493,,George Henry Smith,Meta Building & Construction,WA GT,22/05/2023,Archived,10493,0417 835 386,Monika Southern,Goran Mirosevic,
2068,,Metrowest Electrical & Communications Pty Ltd,Metro West Electrical (GT),WA GT,28/06/2023,Archived,2068,894160666,Kevin Presenza,Kevin Presenza,
3486,,Metropolitan Roads Improvement Alliance,Metropolitan Roads Improvement Alliance GT,WA GT,12/12/2019,Archived,3486,08 9263 8300,Chloe Woodgate,,
1714,,,Michael Cooney Carpentry,WA GT,01/05/2018,Archived,1714,898429754,Andrew Penson,Andrew Penson,
2128,,"KELLEHER, MICHAEL JEFFERSON",Michael Kelleher Bricklaying Services,WA GT,29/03/2022,Archived,2128,407337656,Tony Harvey,Tony Harvey,
5017,,M Browne & N Browne Trading As Micks Bricklaying,Micks Bricklaying,WA GT,10/08/2021,Archived,5017,449021457,Chloe Woodgate,Tony Del Borello,
4516,,,Midwest Garage Doors,WA GT,05/02/2020,Archived,4516,,Amie Atkinson,Amie Atkinson,
2123,,Midwest Mowers & Small Engines and Phone a Mower,Midwest Mowers & Small Engines (GT),WA GT,19/03/2020,Archived,2123,08 9921 8300,Amie Atkinson,Amie Atkinson,
6653,,M W Robins,Mike Robins Carpentry,WA GT,28/01/2021,Archived,6653,400205948,Goran Mirosevic,Goran Mirosevic,
2973,,Mint Exclusive Carpentry,Mint Exclusive Carpentry,WA GT,29/03/2022,Archived,2973,,Tony Del Borello,Tony Del Borello,
1807,,OCRIM CONTRACTING PTY LTD,Mirco Carpentry,WA GT,29/03/2022,Archived,1807,420223111,Tony Del Borello,Tony Del Borello,
1944,,ML Morris Carpentry,ML Morris Carpentry (GT),WA GT,18/06/2021,Archived,1944,409922474,Amie Atkinson,Amie Atkinson,
1968,,MNS Electrical & Data Pty Ltd,MNS Electrical & Data Pty Ltd - (Perth GT),WA GT,28/06/2023,Archived,1968,401222954,Mark Howe,Mark Howe,
4314,,The Trust for the Mulchay Family Trust,Momentum Roof Carpentry PTY LTD,WA GT,10/08/2021,Archived,4314,,Tony Del Borello,Tony Del Borello,
2047,,Moore Power & Cool,Moore Power & Cool (GT),WA GT,02/07/2020,Archived,2047,898412289,Andrew Penson,Andrew Penson,
768,,MPA ELECTRICAL SERVICES PTY LTD,MPA Electrical Pty Ltd,WA GT,29/03/2022,Archived,768,892561073,,,
3451,,MPH Electrical,MPH Electrical,WA GT,28/06/2023,Archived,3451,0448 914 580,Chloe Woodgate,Kevin Presenza,
3118,,"HIBBEN, MATTHEW RAYMOND",MRH Carpentry,WA GT,29/03/2022,Archived,3118,0402 229 962,Tony Del Borello,Tony Del Borello,
3474,,Birchgate Holdings WA P/L,Multicom Electrical (GT),WA GT,18/06/2020,Archived,3474,08 9918 0760,Amie Atkinson,Amie Atkinson,
2289,,Pharen Michael Clarke,Mundaring Building and Maintenance,WA GT,10/08/2021,Archived,2289,892989796,Chloe Woodgate,Tony Del Borello,
9799,,Myles Construction,Myles Construction Pty Ltd - GT,WA GT,31/08/2021,Archived,,431141536,Goran Mirosevic,Goran Mirosevic,
2033,,D&J Mynott Family Trust,Mynott Construction,WA GT,29/03/2022,Archived,2033,429329308,Tony Del Borello,Tony Del Borello,
1716,,,Nathan Welshman,WA GT,14/12/2017,Archived,,407997674,Andrew Penson,Andrew Penson,
2561,,The Trustee for National Reinforcing group,National Reinforcing Group,WA GT,29/03/2022,Archived,2561,,,,
4194,,NB Carpentry Services Pty Ltd,NB Carpentry Services Pty Ltd,WA GT,18/06/2020,Archived,4194,,Tony Del Borello,Tony Del Borello,
1520,,NEOWEST BUILDING CO PTY LTD,Neowest Building Co Pty Ltd,WA GT,29/03/2022,Archived,,893011026,Charlotte Sutton,,
1947,,New Vision Carpentry,New Vision Carpentry,WA GT,29/03/2022,Archived,1947,93411943,,,
3813,,,Next Level Construction,WA GT,29/03/2022,Archived,3813,,Chloe Woodgate,,
1539,,"REED, NIGEL",Nigel Reed Carpentry,WA GT,,Archived,1539,400824487,,,
2690,,Jones Family Trust,NJ Carpentry WA,WA GT,29/03/2022,Archived,2690,403337233,Paul Bird,Paul Bird,
1245,,ACEBROOK CORPORATION PTY LTD,Noble Falls Estate GT,WA GT,10/08/2021,Archived,,,Paul Bird,Paul Bird,
2178,,Nordic Builders,Nordic Builders,WA GT,21/12/2021,Archived,2178,417922749,Amie Atkinson,Amie Atkinson,
7514,,North 2 South Executive Homes Pty Ltd,North 2 South Executive Homes,WA GT,02/07/2020,Archived,,0408 097 539,Andrew Penson,Debbie Stone,
1585,,NVR SOLUTIONS PTY LTD,NVR Solutions Pty Ltd,WA GT,10/08/2021,Archived,,92447000,,,
5949,,Nxt Gen Roof Carpentry,Nxt Gen Roof Carpentry,WA GT,04/02/2021,Archived,5949,0408 617 086,,,
10680,,Benjamin Aron Bavoillot,Nxt Lvl Bricklaying,WA GT,30/05/2023,Archived,,0400 516 213,Caris Aziz,Murray Wilson,
1988,,O'LEARY BUILDING PTY. LTD.,O'LEARY BUILDING PTY LTD,WA GT,10/08/2021,Archived,1988,413166213,Tony Del Borello,Tony Del Borello,
2179,,A.M Peacey & T.J Peacey,Option Refrigeration & Air conditioning,WA GT,13/02/2020,Archived,2179,899383905,Amie Atkinson,Amie Atkinson,
529,,P.A.T CARPENTRY PTY LTD,P.A.T Carpentry Pty Ltd,WA GT,29/03/2022,Archived,,0427 615 239,,,
2415,,Palmer Civil Construction,Palmer Civil Construction (GT),WA GT,23/06/2021,Archived,2415,9844 3900,,,
2303,,"PALMER, KARL ANTHONY",Palmers Carpentry Services,WA GT,10/08/2021,Archived,2303,407994584,Tony Del Borello,Tony Del Borello,
2180,,PATTEN CEILINGS,Patten Ceilings,WA GT,13/02/2020,Archived,2180,427841049,Amie Atkinson,Amie Atkinson,
752,,PAUL BARKEY ELECTRICAL PTY LTD,Paul Barkey Electrical Pty Ltd,WA GT,10/08/2021,Archived,,409709890,Kevin Presenza,Kevin Presenza,
2458,,"BUGG, PAUL GERARD KEAST",Paul G Bugg,WA GT,29/06/2022,Archived,2458,,Tony Harvey,Tony Harvey,
10115,,Paul John O'Brien,Paul O'Brien,WA GT,12/04/2023,Archived,,424244792,Murray Wilson,Murray Wilson,
1746,,Precision Cabling Systems Pty Ltd,PCS Group WA (GT),WA GT,28/06/2023,Archived,1746,0419 849 079,,,
1901,,Peak Constructions WA,Peak Constructions WA,WA GT,29/04/2020,Archived,1901,412033557,,,
5869,,Tahree Pty Ltd as trustee for the Greg Lloyd Family Trust,Pearsons Spray Painting,WA GT,08/10/2019,Archived,5869,9841 1022,Andrew Penson,Andrew Penson,
1840,,PEMBROKE LONDON HOMES PTY LTD,Pembroke London Homes Pty Ltd,WA GT,29/03/2022,Archived,,411307017,,,
603,,"TOWNSEND, PERRY",Perry Townsend Carpentry,WA GT,31/08/2022,Archived,603,9457 7151,,,
5158,,Perth Solar Force,Perth Solar Force -Geraldton GT,WA GT,04/05/2020,Archived,5158,08 9308 0335,Amie Atkinson,Amie Atkinson,
1841,,,Peter Allen,WA GT,10/08/2021,Archived,,412983475,,,
5322,,PGS Industries,PGS Industries,WA GT,26/02/2021,Archived,5322,(08) 9302 1154,,,
1860,,"MILHINCH, PHILIP LINDSA",Phil's First Class Construction,WA GT,29/03/2022,Archived,1860,428198402,Tony Del Borello,Tony Del Borello,
2249,,PINDAN ASSET MANAGEMENT PTY LTD,Pindan Asset Management (Geraldton GT),WA GT,31/03/2021,Archived,2249,894715300,Amie Atkinson,Amie Atkinson,
1913,,Pindan Asset Management Pty Ltd,Pindan Asset Management (Perth GT),WA GT,21/12/2018,Archived,1913,894715300,,,
9964,,Pindan Asset Management Pty Ltd (Administrators Appointed) (Under Licence),Pindan Asset Management Pty Ltd (Administrators Appointed) (Under Licence),WA GT,01/12/2022,Archived,9964,08 9471 5300,Amie Atkinson,Amie Atkinson,
2062,,Pindan group Pty Ltd,Pindan Pty Ltd (Bunbury GT),WA GT,23/06/2017,Archived,2062,08 6274 7372,,,
1699,,"PAGE, DANIEL",Pinnacle Carpentry + Maintenance,WA GT,29/03/2022,Archived,1699,423731317,Tony Del Borello,Tony Del Borello,
705,,PITCH MASTERS PTY LTD,Pitch Masters Pty Ltd,WA GT,05/08/2022,Archived,705,408226148,Goran Mirosevic,Goran Mirosevic,
2886,,PJ Short Carpentry,PJ Short Carpentry,WA GT,29/03/2022,Archived,2886,,,,
537,,PJT CONTRACTING PTY LTD,PJT Contracting,WA GT,10/08/2021,Archived,,,Paul Bird,Paul Bird,
2184,,Polyseal Waterproofing (WA) Pty Ltd,Polyseal - GT,WA GT,29/03/2022,Archived,2184,94181079,Tony Del Borello,Tony Del Borello,
2234,,Positiva Building Pty Ltd,Positiva Building Pty Ltd - GT,WA GT,29/03/2022,Archived,2234,417908470,,,
1835,,PRECISE AIR GROUP PTY LTD,Precise Air Group P/L,WA GT,29/03/2022,Archived,1835,1300882185,Kevin Presenza,Kevin Presenza,
1904,,PREMIER COAL LIMITED,Premier Coal,WA GT,31/03/2022,Archived,1904,897802258,,,
2266,,The Trustee for The Preston Family Trust,Preston Carpentry WA,WA GT,10/08/2021,Archived,,422199331,Tony Del Borello,Tony Del Borello,
900,,,Primesite Developments PTY LTD,WA GT,29/03/2022,Archived,,,,,
5420,,Primo Carpentry (WA) Pty Ltd,Primo Carpentry (WA) Pty Ltd,WA GT,12/10/2020,Archived,5420,0421 359 500,Goran Mirosevic,Goran Mirosevic,
9765,,,Pro West Roofing,WA GT,24/03/2021,Archived,,0433 678 330,Monika Southern,,
2308,,PROFIX STEEL PTY LTD,Profix Steel Pty Ltd,WA GT,29/03/2022,Archived,2308,458743218,,,
2345,,Progressive Tiling Services Pty Ltd,Progressive Tiling Services Pty Ltd,WA GT,04/08/2021,Archived,2345,402033409,Goran Mirosevic,Goran Mirosevic,
1617,,PROWEST CEILINGS PTY LTD,Prowest Ceilings Pty Ltd,WA GT,29/03/2022,Archived,1617,404263000,,,
2252,,PRYORITY LIFESTYLES PTY LTD,Pryority Lifestyles,WA GT,29/03/2022,Archived,2252,402550826,,,
2980,,Aluwincon Pty Ltd,PS Chester & Son Building Contractors,WA GT,14/09/2021,Archived,2980,08 9921 1633,Amie Atkinson,Amie Atkinson,
2970,,PWA ELETRICAL SERVICES PTY LTD,PWA ELETRICAL SERVICES PTY LTD - GT,WA GT,28/06/2023,Archived,,892092990,Kevin Presenza,Kevin Presenza,
1529,,QUIKSMART CEILINGS PTY LTD,Quiksmart Ceilings Pty Ltd,WA GT,10/08/2021,Archived,1529,458679792,Tony Del Borello,Tony Del Borello,
9096,,Raptor Group Investments P/L,Raptor Group,WA GT,15/06/2021,Archived,9096,458296015,,,
1729,,RBG BUILDERS PTY. LTD.,RBG Builders,WA GT,29/03/2022,Archived,1729,417725083,,,
6175,,Peter Read,Readys Carpentry and Construction,WA GT,26/05/2020,Archived,6175,428130533,,,
10124,,Jason Polman,Reddog Roof-n,WA GT,29/11/2021,Archived,,0412 999 602,Monika Southern,Goran Mirosevic,
3580,,RG Bricklaying & blocklaying,RG Bricklaying,WA GT,27/04/2023,Archived,3580,,Chloe Woodgate,Wayne Hancock,
865,,,Ringma Cabinets,WA GT,04/04/2022,Archived,,(08) 9497 5550,,,
527,,RISH ROOFS PTY LTD,Rish Roofs,WA GT,29/01/2021,Archived,527,0448 924 251,Goran Mirosevic,Goran Mirosevic,
7100,,Riverina Co Pty Ltd,Riverina Co Pty Ltd,WA GT,18/07/2022,Archived,7100,,,,
4051,,Trouconstruct Pty Ltd,RLJ Carpentry,WA GT,17/06/2020,Archived,4051,,Tony Del Borello,Tony Del Borello,
10302,,Ryan Neville Morgan,RNM Carpentry,WA GT,05/07/2022,Archived,10302,0416 219 396,Caris Aziz,Natasha Nardone,
2353,,ROB STONE ROOFING SERVICES,Rob Stone Roofing Services,WA GT,05/12/2017,Archived,2353,892917878,,,
7070,,Robbins Carpentry,Robbins Carpentry,WA GT,13/09/2021,Archived,,,Amie Atkinson,Amie Atkinson,
10354,,ROLLE CONSTRUCTIONS PTY LTD,Rolle Constructions,WA GT,17/05/2023,Archived,10354,0402 443 998,Monika Southern,Goran Mirosevic,
310,,,Royal Agricultural Society GT,WA GT,29/03/2022,Archived,310,,Kevin Presenza,,
3568,,Rusty's Marine,Rusty's Marine,WA GT,24/05/2022,Archived,3568,898421022,,,
10066,,Ryan Paul Harrison,Ryan Harrison,WA GT,28/03/2023,Archived,,0411 800 090,Monika Southern,Murray Wilson,
9891,,Ryan Krentzin,Ryan Krentzin,WA GT,28/04/2022,Archived,,0439 022 178,Monika Southern,,
756,,Ryden Electrical,Ryden Electrical,WA GT,09/05/2022,Archived,756,893431941,Kevin Presenza,Kevin Presenza,
2213,,S & E Goodings,S & E Goodings,WA GT,29/03/2022,Archived,2213,409118075,Paul Bird,Paul Bird,
2181,,The SA & CA Clancy Family trust,SA & CA Clancy Sheds and Roofing,WA GT,04/06/2020,Archived,2181,400067772,Amie Atkinson,Amie Atkinson,
10050,,Karen Marie Earnshaw,Sal Cheveux,WA GT,13/10/2021,Archived,10050,94936888,,Murray Wilson,
2888,,A&A Sallis Family Trust,Sallis Carpentry,WA GT,29/03/2022,Archived,2888,,,,
1891,,SALOMONE FAMILY TRUST,Salomone Plasterers,WA GT,29/03/2022,Archived,1891,411644486,,,
1566,,WRIDGWAYS PTY LTD,Santa Fe / Wridgeways - GT Perth,WA GT,10/08/2021,Archived,1566,395547300,Chloe Woodgate,,
3012,,,Schlager Homes,WA GT,18/07/2018,Archived,,,,,
3820,,Scullysong Construction Pty Ltd,Scullysong Construction Pty Ltd,WA GT,29/03/2022,Archived,3820,,Tony Del Borello,Tony Del Borello,
3219,,Seabreeze Trading Corporation Pty Ltd,Seabreeze Contracting,WA GT,28/09/2021,Archived,3219,08 9185 1759,Monika Southern,Goran Mirosevic,
2182,,"Huggins, Shaun Michael",Shaun Huggins Bricklaying,WA GT,13/02/2020,Archived,2182,437781987,Amie Atkinson,Amie Atkinson,
738,,"SHEADER, LESLIE ANDREW",Sheadz Carpentry,WA GT,10/08/2021,Archived,738,409083064,,Paul Bird,
10386,,Orno Interiors Pty Ltd,Sherwood Designs,WA GT,11/07/2022,Archived,,08 9328 5556,Caris Aziz,Goran Mirosevic,
5174,,Shire of Carnarvon,Shire of Carnarvon,WA GT,16/07/2020,Archived,5174,08 9941 0030,Amie Atkinson,Amie Atkinson,
3542,,The Shire of Kojonup,Shire of Kojonup,WA GT,15/04/2021,Archived,,08 9831 2900,,,
2368,,Trustee for S & R Ward Family Trust,Shoreward Builders (Perth GT),WA GT,29/03/2022,Archived,2368,406676363,Chloe Woodgate,Paul Bird,
2420,,SIME Building CO Pty Ltd,SIME Building & Construction GT,WA GT,01/09/2021,Archived,2420,890721888,,Goran Mirosevic,
2318,,The Singleton Family Trust,Singletons Carpentry,WA GT,19/03/2020,Archived,2318,409374449,Amie Atkinson,Amie Atkinson,
1903,,SJ & TA WHALE,SJ & TA Whale - GT,WA GT,29/03/2022,Archived,1903,438002232,,,
52,,,Skill Hire Kewdale GT - Work Trials,WA GT,,Archived,52,(08) 9376 2800,Charlotte Sutton,,
1538,,,Skill Hire RTO Kewdale,WA GT,,Archived,,,Charlotte Sutton,,
3794,,Skilled Carpentry Pty Ltd,Skilled Carpentry Pty Ltd,WA GT,29/03/2022,Archived,3794,,Chloe Woodgate,,
2059,,SKYLINE ROOF CARPENTRY,SKYLINE ROOF CARPENTRY (GT),WA GT,22/04/2020,Archived,2059,,,,
4417,,Skyward Roofing Services PTY LTD,Skyward Roofing Services PTY LTD,WA GT,29/03/2022,Archived,4417,08 9207 2822,Chloe Woodgate,,
4217,,SLP Developments Pty Ltd,SLP Carpentry,WA GT,29/03/2022,Archived,4217,,Tony Del Borello,Tony Del Borello,
3362,,,Smith Construction,WA GT,23/03/2020,Archived,3362,(08) 9791 3080,,,
1720,,,Smith Constructions Albany Pty Ltd,WA GT,30/03/2020,Archived,1720,897913080,,,
539,,,SN Trust,WA GT,10/08/2021,Archived,,418946541,,,
10511,,Alex Stuart Bowley t/a Solid Carpentry,Solid Carpentry,WA GT,30/11/2022,Archived,10511,0430 188 008,Caris Aziz,Goran Mirosevic,
2189,,Southerly Homes Pty Ltd,Southerly Homes Pty Ltd,WA GT,18/06/2021,Archived,2189,0409 111 312,Amie Atkinson,Amie Atkinson,
3291,,Spanos Carpentry Pty Ltd,Spanos Carpentry Pty Ltd,WA GT,29/03/2022,Archived,3291,0421 810 346,Chloe Woodgate,,
2175,,H.J.S. SERVICES PTY LTD,Speedy Cabinets,WA GT,12/10/2021,Archived,2175,899645252,Amie Atkinson,Amie Atkinson,
10106,,Spiecapag Australia Pty. Limited,Spiecapag,WA GT,02/11/2022,Archived,10106,07 3014 2190,Monika Southern,,
10054,,,status,WA GT,,Archived,10054,,,,
10085,,Steadfast Roofing Pty Ltd,Steadfast Roofing,WA GT,,Archived,,08 9343 4326,Monika Southern,,
9650,,FOOTWEAR INDUSTRIES PTY LTD,Steel Blue,WA GT,30/11/2022,Archived,,,Clementine Elia,Murray Wilson,
4896,,Stiks carpentry,Stiks Carpentry,WA GT,27/01/2021,Archived,4896,,,,
720,,STILES ELECTRICAL & COMMUNICATION SERVICES PTY LTD,Stiles Electrical,WA GT,30/03/2022,Archived,720,,Kevin Presenza,Kevin Presenza,
10132,,Stone Construction and Civils Pty Ltd,Stone Construction and Civils,WA GT,,Archived,,,,,
727,,unningdale Holdings Pty Ltd,Strong Electrical Services,WA GT,28/06/2023,Archived,727,412239846,Kevin Presenza,Kevin Presenza,
2282,,"CASTLEDINE, STUART KEITH",Stuart Castledine,WA GT,14/11/2017,Archived,2282,430429004,,,
765,,The trustee for Kitts Family Trust,Subiaco Electrical Services GT,WA GT,10/08/2021,Archived,,410589655,Kevin Presenza,Kevin Presenza,
1886,,Super Trowel Bricklaying,Super Trowel Bricklaying,WA GT,30/03/2022,Archived,1886,412945599,Renee Gibbons,Wayne Hancock,
4313,,The Gray & Son Family Trust,Sure Frame Carpentry,WA GT,25/05/2020,Archived,4313,,Goran Mirosevic,Goran Mirosevic,
10121,,Surun Services Pty Ltd,Surun GT,WA GT,,Archived,10121,64201832,,,
6083,,Angsa Pty ltd the Eugne Family Trust,Swans Complete Plumbing & Gas,WA GT,30/03/2022,Archived,6083,416281190,,,
4975,,Weston Progressions Pty Ltd,T & S Carpentry,WA GT,13/04/2021,Archived,4975,418929378,,Goran Mirosevic,
2073,,T & S JENKINS FAMILY TRUST,T & S Jenkins Family Trust,WA GT,30/03/2022,Archived,2073,418949615,Tony Del Borello,Tony Del Borello,
2261,,The Trustee for The Johnson Family Trust,T + N Roofing WA Pty Ltd,WA GT,11/08/2021,Archived,2261,417916303,Paul Bird,Paul Bird,
1722,,,T Dodd Electrical,WA GT,29/01/2018,Archived,,407992317,Andrew Penson,Andrew Penson,
2239,,,T&C Carpentry,WA GT,30/03/2022,Archived,2239,861611056,Paul Bird,Paul Bird,
3539,,T.W South Metro Refrigeration,T.W South Metro Refrigeration,WA GT,30/03/2022,Archived,3539,,,,
1565,,TOTAL AMS PTY LTD,Tams / Total AMS - (GT),WA GT,11/02/2020,Archived,1565,9430 5577,Jodie Cleverly,Jodie Cleverly,
10772,,,Tap Doctor,WA GT,,Archived,,,Braden Lang,,
1812,,"ROONEY, MARK",Team Hybrid,WA GT,30/03/2022,Archived,1812,62931768,Kevin Presenza,Kevin Presenza,
1826,,,TES Electrical (Donnybrook Holdings Pty Ltd) GT Bunbury,WA GT,,Archived,,894341514,Charlotte Annakin,,
1665,,ANDREW CHALMERS FAMILY TRUST ( SCADWA PTY LTD),The Andrew Chalmers Family Trust,WA GT,11/08/2021,Archived,1665,417934254,Tony Del Borello,Tony Del Borello,
4315,,Long Nominees WA PTY LTD,The Long Family Trust,WA GT,30/03/2022,Archived,4315,,,,
1425,,,The Northshore Tavern & Bistro - GT,WA GT,19/10/2016,Archived,,,,,
7907,,THE TRUSTEE FOR THE RICHARDS FAMILY TRUST,The Richards Family Trust,WA GT,30/03/2022,Archived,,,,,
736,,ROYAL AGRICULTURAL SOCIETY OF WESTERN AUSTRALIA INCORPORATED,The Royal Agricultural Society of WA,WA GT,28/06/2023,Archived,736,862633100,,,
1448,,THE MOON WOODVALE TAVERN & RECEPTION CENTRE,The Woodvale Tavern,WA GT,28/05/2019,Archived,1448,,Chloe Woodgate,,
1836,,T.I.E.C. SERVICES PTY LTD,TIEC Services Pty Ltd,WA GT,11/08/2021,Archived,1836,92405225,Kevin Presenza,Kevin Presenza,
1723,,,Timberjoy Carpentry,WA GT,29/01/2021,Archived,1723,447237309,,,
10160,,Raff's Investment Holdings Pty Ltd LYD,Tiny Beez Childcare,WA GT,24/12/2021,Archived,10160,9339 7691,,Murray Wilson,
3518,,Titanium Services,Titanium Services (GerGT),WA GT,09/07/2020,Archived,3518,410885794,Amie Atkinson,Amie Atkinson,
3128,,T.J Commercial Linings as trustee for the Butterly Discretionary Trust,TJ Commercial Lining-GT,WA GT,30/03/2022,Archived,3128,,Chloe Woodgate,,
1594,,T.J. PAYNE ROOFING CONTRACTOR PTY LTD,TJ Payne Roof Contractors,WA GT,11/11/2020,Archived,1594,893009677,Goran Mirosevic,Goran Mirosevic,
2313,,The trustee for Colvin Family Trust,TK Colvin Bricklaying Contractors,WA GT,30/03/2022,Archived,2313,467968960,,,
7202,,TMJ Construction & Building Services Pty Ltd,TMJ Construction & Building Services,WA GT,10/11/2022,Archived,7202,,,Goran Mirosevic,
9980,,Skyrange enterprise's Pty Ltd,TNT Roofing,WA GT,30/06/2021,Archived,,414920972,Murray Wilson,Murray Wilson,
899,,TOTAL ROOFING SOLUTIONS WA PTY LTD,Total Roofing Solutions WA Pty Ltd - GT,WA GT,11/08/2021,Archived,899,892421448,,,
9502,,T S JENKINS FAMILY TRUST,TREESIDE PTY LTD,WA GT,01/06/2020,Archived,,,,,
1822,,,Trenton International GT ( Australian Fine China ),WA GT,11/08/2021,Archived,,02-85719988,Renee Gibbons,Renee Gibbons,
2030,,TRONOX MINING AUSTRALIA LIMITED,TRONOX MINING AUSTRALIA LIMITED - formerly Cristal Mining (GT),WA GT,30/03/2020,Archived,2030,08 9780 8666,,,
5530,,,Trowel Techniques,WA GT,30/03/2022,Archived,5530,,Chloe Woodgate,,
60,,Bestfun Pty ltd,Troy & Co Carpenter,WA GT,30/05/2023,Archived,60,08 9571 8859,,,
4630,,TRUSPAN PROJECT CARPENTERS,TRUSPAN CARPENTERS,WA GT,30/03/2022,Archived,,,Tony Del Borello,Tony Del Borello,
2226,,J TASCON & W.J TASCON,TRU-SPAN ROOF CARPENTERS,WA GT,29/01/2021,Archived,2226,417299204,,,
2797,,TT CARPENTRY WA,TT Carpentry WA,WA GT,07/12/2020,Archived,2797,,,,
1995,,"JEFFERYS, TYLER AARON",Tyler Jefferys,WA GT,02/02/2021,Archived,1995,401979550,Goran Mirosevic,Goran Mirosevic,
3125,,TYRONE CONSTRUCTION SERVICES PTY LTD,Tyrone Construction Services,WA GT,11/08/2021,Archived,3125,,Chloe Woodgate,Paul Bird,
2212,,"LEBRUN, TYSON MATHEW",Tyson LeBrun Carpentry,WA GT,30/03/2022,Archived,2212,403767613,,,
1676,,ULTIMATE INVESTMENTS 2012 PTY LTD,Ultimate Interiors WA,WA GT,,Archived,1676,893998906,,,
2012,,Ultraflow Siphonics Pty Ltd,Ultraflow Siphonics (GT),WA GT,11/08/2021,Archived,2012,94821256,Tony Harvey,Tony Harvey,
9880,,Unique Metals Laser,Unique Metal Work Pty Ltd,WA GT,30/09/2021,Archived,,08 9303 1500,Murray Wilson,Murray Wilson,
4510,,Universal Constructions,Universal Constructions Pty Ltd,WA GT,24/03/2020,Archived,4510,08 9340 3000,Chloe Woodgate,,
2562,,The Trustee for D Unsworth Family Trust,Unsworth Carpentry Pty Ltd,WA GT,02/06/2021,Archived,2562,,,,
740,,The Trustee for JCM Family Trust,Value Assetts ATF JCM Family Trust,WA GT,11/08/2021,Archived,740,406626527,,Wayne Hancock,
757,,VANGUARD AUTOMATION AND ELECTRICAL,Vanguard Automation & Electrical Pty Ltd,WA GT,28/06/2023,Archived,757,408349011,,,
2342,,VERBRUGGEN BUILDING SERVICES,Verbruggen Building Services,WA GT,30/11/2020,Archived,2342,0416 704 745,,,
1796,,,VERCON Pty Ltd,WA GT,30/03/2022,Archived,,893809236,Charlotte Sutton,,
733,,,Vilardi Holdings,WA GT,30/03/2022,Archived,,417933193,Paul Bird,Paul Bird,
9503,,VINCENT CHADBUND BRICKLAYING,VINCENT CHADBUND BRICKLAYING,WA GT,30/03/2022,Archived,,,,,
10027,,John Edward Allan Saunders,Virtu Bricklaying,WA GT,30/11/2022,Archived,10027,0406 179 289,,,
744,,Vision Cabling Systems,Vision Cabling Systems Perth GT,WA GT,28/06/2023,Archived,744,892423222,,Mark Howe,
10251,,Florio Pty Ltd,Vogue Plastering,WA GT,30/11/2022,Archived,,0424 714 518,Monika Southern,,
6051,,Craig McDonald Pty Ltd,WA Haulage Repairs,WA GT,29/09/2021,Archived,6051,08 9359 0422,,Murray Wilson,
2328,,Hennessey WA Pty Ltd,WA Project Carpenters,WA GT,15/02/2023,Archived,2328,418940860,Monika Southern,Goran Mirosevic,
2153,,The Trustee for WA Tiling & Stone Trust,WA Tiling & Stone (GT),WA GT,30/03/2022,Archived,2153,893145473,,,
5294,,Wade Kennedy,Wade Kennedy Bricklaying,WA GT,30/03/2022,Archived,5294,0417 626 674,Chloe Woodgate,,
1701,,Walmsley Building Co Pty Ltd,Walmsley Building Co Pty Ltd,WA GT,23/04/2018,Archived,1701,407337122,Andrew Penson,Andrew Penson,
9919,,Wanslea Early Learning and Development Limited,Wanslea - Alb GT,WA GT,23/08/2021,Archived,,08 9245 2481,Clementine Elia,,
9059,,WATER CORPORATION,Water Corporation - GT,WA GT,30/03/2022,Archived,,9420 3051,,,
2211,,Watertight Plumbing & Gas,Watertight Plumbing & Gas,WA GT,17/05/2021,Archived,2211,407444495,,,
2038,,T.R SHERRIN & W.L SHERRIN,Wayne Luke Sherrin & Tony Richard Sherrin,WA GT,30/03/2022,Archived,2038,424175961,Tony Del Borello,Tony Del Borello,
2183,,The Trustee for HONEYMYRTLE FAMILY TRUST,Wellstead Homes Pty Ltd,WA GT,19/05/2023,Archived,2183,428271575,Amie Atkinson,Amie Atkinson,
4056,,Wesroof,Wesroof,WA GT,30/03/2022,Archived,4056,08 9459 2422,Chloe Woodgate,,
1521,,West Built Constructions,West Built Constructions,WA GT,25/09/2021,Archived,1521,409928882,Murray Wilson,Murray Wilson,
9480,,KR & HJ FABIAN FAMILY TRUST PTY LTD,West Coast Auto Smash Repair,WA GT,30/06/2020,Archived,,,Amie Atkinson,Amie Atkinson,
4587,,West Coast Carpentry,West Coast Carpentry,WA GT,14/05/2020,Archived,4587,,,,
2831,,Malben Contracting Pty Ltd,West Coast Window Installations-GT,WA GT,12/05/2022,Archived,2831,,Tony Del Borello,Tony Del Borello,
7853,,White Air & Mechanical services Pty Ltd,White Air & Mechanical services Pty Ltd,WA GT,30/03/2022,Archived,,,,,
3992,,Whitehouse Construction Services Pty Ltd,Whitehouse Construction Services Pty Ltd,WA GT,04/04/2022,Archived,3992,9393 3268,,,
725,,WHITEWAY CARPENTRY,Whiteway Carpentry,WA GT,29/01/2021,Archived,725,423848020,Goran Mirosevic,Goran Mirosevic,
9559,,Wisdom Bricklaying Pty Ltd,Wisdom Bricklaying Pty Ltd,WA GT,19/02/2021,Archived,,452380021,,Goran Mirosevic,
9909,,WONGUTHA CAPS,Wongutha Christian Aboriginal School,WA GT,11/05/2021,Archived,9909,(08) 9075 4011,,,
2244,,Workhorse Aus Pty Ltd,Workhorse Aus Pty Ltd,WA GT,30/08/2023,Archived,2244,416962937,,,
1989,,L.A Blewett & W.R Blewett,WR & LA Blewett,WA GT,15/08/2019,Archived,1989,,,,
10264,,Rick Dillon,XES Roof and Frame,WA GT,20/05/2022,Archived,,407380866,Caris Aziz,Caris Aziz,
2225,,Z & R Contracting,Z & R Contracting,WA GT,30/03/2022,Archived,2225,439023546,,,
4165,,,Zacz Carpentry,WA GT,11/08/2021,Archived,4165,,Chloe Woodgate,,